0;egg;;Oeuf;;;;
1;Bulbasaur;フシギダネ;Bulbizarre;Bisasam;이상해씨;妙蛙種子;妙蛙种子
2;Ivysaur;フシギソウ;Herbizarre;Bisaknosp;이상해풀;妙蛙草;妙蛙草
3;Venusaur;フシギバナ;Florizarre;Bisaflor;이상해꽃;妙蛙花;妙蛙花
4;Charmander;ヒトカゲ;Salamèche;Glumanda;파이리;小火龍;小火龙
5;Charmeleon;リザード;Reptincel;Glutexo;리자드;火恐龍;火恐龙
6;Charizard;リザードン;Dracaufeu;Glurak;리자몽;噴火龍;喷火龙
7;Squirtle;ゼニガメ;Carapuce;Schiggy;꼬부기;傑尼龜;杰尼龟
8;Wartortle;カメール;Carabaffe;Schillok;어니부기;卡咪龜;卡咪龟
9;Blastoise;カメックス;Tortank;Turtok;거북왕;水箭龜;水箭龟
10;Caterpie;キャタピー;Chenipan;Raupy;캐터피;綠毛蟲;绿毛虫
11;Metapod;トランセル;Chrysacier;Safcon;단데기;鐵甲蛹;铁甲蛹
12;Butterfree;バタフリー;Papilusion;Smettbo;버터플;巴大蝶;巴大蝶
13;Weedle;ビードル;Aspicot;Hornliu;뿔충이;獨角蟲;独角虫
14;Kakuna;コクーン;Coconfort;Kokuna;딱충이;鐵殼蛹;铁壳蛹
15;Beedrill;スピアー;Dardargnan;Bibor;독침붕;大針蜂;大针蜂
16;Pidgey;ポッポ;Roucool;Taubsi;구구;波波;波波
17;Pidgeotto;ピジョン;Roucoups;Tauboga;피죤;比比鳥;比比鸟
18;Pidgeot;ピジョット;Roucarnage;Tauboss;피죤투;大比鳥;大比鸟
19;Rattata;コラッタ;Rattata;Rattfratz;꼬렛;小拉達;小拉达
20;Raticate;ラッタ;Rattatac;Rattikarl;레트라;拉達;拉达
21;Spearow;オニスズメ;Piafabec;Habitak;깨비참;烈雀;烈雀
22;Fearow;オニドリル;Rapasdepic;Ibitak;깨비드릴조;大嘴雀;大嘴雀
23;Ekans;アーボ;Abo;Rettan;아보;阿柏蛇;阿柏蛇
24;Arbok;アーボック;Arbok;Arbok;아보크;阿柏怪;阿柏怪
25;Pikachu;ピカチュウ;Pikachu;Pikachu;피카츄;皮卡丘;皮卡丘
26;Raichu;ライチュウ;Raichu;Raichu;라이츄;雷丘;雷丘
27;Sandshrew;サンド;Sabelette;Sandan;모래두지;穿山鼠;穿山鼠
28;Sandslash;サンドパン;Sablaireau;Sandamer;고지;穿山王;穿山王
29;Nidoran♀;ニドラン♀;Nidoran♀;Nidoran♀;니드런♀;尼多蘭;尼多兰
30;Nidorina;ニドリーナ;Nidorina;Nidorina;니드리나;尼多娜;尼多娜
31;Nidoqueen;ニドクイン;Nidoqueen;Nidoqueen;니드퀸;尼多后;尼多后
32;Nidoran♂;ニドラン♂;Nidoran♂;Nidoran♂;니드런♂;尼多朗;尼多朗
33;Nidorino;ニドリーノ;Nidorino;Nidorino;니드리노;尼多力諾;尼多力诺
34;Nidoking;ニドキング;Nidoking;Nidoking;니드킹;尼多王;尼多王
35;Clefairy;ピッピ;Mélofée;Piepi;삐삐;皮皮;皮皮
36;Clefable;ピクシー;Mélodelfe;Pixi;픽시;皮可西;皮可西
37;Vulpix;ロコン;Goupix;Vulpix;식스테일;六尾;六尾
38;Ninetales;キュウコン;Feunard;Vulnona;나인테일;九尾;九尾
39;Jigglypuff;プリン;Rondoudou;Pummeluff;푸린;胖丁;胖丁
40;Wigglytuff;プクリン;Grodoudou;Knuddeluff;푸크린;胖可丁;胖可丁
41;Zubat;ズバット;Nosferapti;Zubat;주뱃;超音蝠;超音蝠
42;Golbat;ゴルバット;Nosferalto;Golbat;골뱃;大嘴蝠;大嘴蝠
43;Oddish;ナゾノクサ;Mystherbe;Myrapla;뚜벅쵸;走路草;走路草
44;Gloom;クサイハナ;Ortide;Duflor;냄새꼬;臭臭花;臭臭花
45;Vileplume;ラフレシア;Rafflesia;Giflor;라플레시아;霸王花;霸王花
46;Paras;パラス;Paras;Paras;파라스;派拉斯;派拉斯
47;Parasect;パラセクト;Parasect;Parasek;파라섹트;派拉斯特;派拉斯特
48;Venonat;コンパン;Mimitoss;Bluzuk;콘팡;毛球;毛球
49;Venomoth;モルフォン;Aéromite;Omot;도나리;摩魯蛾;摩鲁蛾
50;Diglett;ディグダ;Taupiqueur;Digda;디그다;地鼠;地鼠
51;Dugtrio;ダグトリオ;Triopikeur;Digdri;닥트리오;三地鼠;三地鼠
52;Meowth;ニャース;Miaouss;Mauzi;나옹;喵喵;喵喵
53;Persian;ペルシアン;Persian;Snobilikat;페르시온;貓老大;猫老大
54;Psyduck;コダック;Psykokwak;Enton;고라파덕;可達鴨;可达鸭
55;Golduck;ゴルダック;Akwakwak;Entoron;골덕;哥達鴨;哥达鸭
56;Mankey;マンキー;Férosinge;Menki;망키;猴怪;猴怪
57;Primeape;オコリザル;Colossinge;Rasaff;성원숭;火爆猴;火暴猴
58;Growlithe;ガーディ;Caninos;Fukano;가디;卡蒂狗;卡蒂狗
59;Arcanine;ウインディ;Arcanin;Arkani;윈디;風速狗;风速狗
60;Poliwag;ニョロモ;Ptitard;Quapsel;발챙이;蚊香蝌蚪;蚊香蝌蚪
61;Poliwhirl;ニョロゾ;Têtarte;Quaputzi;슈륙챙이;蚊香君;蚊香君
62;Poliwrath;ニョロボン;Tartard;Quappo;강챙이;蚊香泳士;蚊香泳士
63;Abra;ケーシィ;Abra;Abra;캐이시;凱西;凯西
64;Kadabra;ユンゲラー;Kadabra;Kadabra;윤겔라;勇基拉;勇基拉
65;Alakazam;フーディン;Alakazam;Simsala;후딘;胡地;胡地
66;Machop;ワンリキー;Machoc;Machollo;알통몬;腕力;腕力
67;Machoke;ゴーリキー;Machopeur;Maschock;근육몬;豪力;豪力
68;Machamp;カイリキー;Mackogneur;Machomei;괴력몬;怪力;怪力
69;Bellsprout;マダツボミ;Chétiflor;Knofensa;모다피;喇叭芽;喇叭芽
70;Weepinbell;ウツドン;Boustiflor;Ultrigaria;우츠동;口呆花;口呆花
71;Victreebel;ウツボット;Empiflor;Sarzenia;우츠보트;大食花;大食花
72;Tentacool;メノクラゲ;Tentacool;Tentacha;왕눈해;瑪瑙水母;玛瑙水母
73;Tentacruel;ドククラゲ;Tentacruel;Tentoxa;독파리;毒刺水母;毒刺水母
74;Geodude;イシツブテ;Racaillou;Kleinstein;꼬마돌;小拳石;小拳石
75;Graveler;ゴローン;Gravalanch;Georok;데구리;隆隆石;隆隆石
76;Golem;ゴローニャ;Grolem;Geowaz;딱구리;隆隆岩;隆隆岩
77;Ponyta;ポニータ;Ponyta;Ponita;포니타;小火馬;小火马
78;Rapidash;ギャロップ;Galopa;Gallopa;날쌩마;烈焰馬;烈焰马
79;Slowpoke;ヤドン;Ramoloss;Flegmon;야돈;呆呆獸;呆呆兽
80;Slowbro;ヤドラン;Flagadoss;Lahmus;야도란;呆殼獸;呆壳兽
81;Magnemite;コイル;Magnéti;Magnetilo;코일;小磁怪;小磁怪
82;Magneton;レアコイル;Magnéton;Magneton;레어코일;三合一磁怪;三合一磁怪
83;Farfetch’d;カモネギ;Canarticho;Porenta;파오리;大蔥鴨;大葱鸭
84;Doduo;ドードー;Doduo;Dodu;두두;嘟嘟;嘟嘟
85;Dodrio;ドードリオ;Dodrio;Dodri;두트리오;嘟嘟利;嘟嘟利
86;Seel;パウワウ;Otaria;Jurob;쥬쥬;小海獅;小海狮
87;Dewgong;ジュゴン;Lamantine;Jugong;쥬레곤;白海獅;白海狮
88;Grimer;ベトベター;Tadmorv;Sleima;질퍽이;臭泥;臭泥
89;Muk;ベトベトン;Grotadmorv;Sleimok;질뻐기;臭臭泥;臭臭泥
90;Shellder;シェルダー;Kokiyas;Muschas;셀러;大舌貝;大舌贝
91;Cloyster;パルシェン;Crustabri;Austos;파르셀;刺甲貝;刺甲贝
92;Gastly;ゴース;Fantominus;Nebulak;고오스;鬼斯;鬼斯
93;Haunter;ゴースト;Spectrum;Alpollo;고우스트;鬼斯通;鬼斯通
94;Gengar;ゲンガー;Ectoplasma;Gengar;팬텀;耿鬼;耿鬼
95;Onix;イワーク;Onix;Onix;롱스톤;大岩蛇;大岩蛇
96;Drowzee;スリープ;Soporifik;Traumato;슬리프;催眠貘;催眠貘
97;Hypno;スリーパー;Hypnomade;Hypno;슬리퍼;引夢貘人;引梦貘人
98;Krabby;クラブ;Krabby;Krabby;크랩;大鉗蟹;大钳蟹
99;Kingler;キングラー;Krabboss;Kingler;킹크랩;巨鉗蟹;巨钳蟹
100;Voltorb;ビリリダマ;Voltorbe;Voltobal;찌리리공;霹靂電球;霹雳电球
101;Electrode;マルマイン;Électrode;Lektrobal;붐볼;頑皮雷彈;顽皮雷弹
102;Exeggcute;タマタマ;Noeunoeuf;Owei;아라리;蛋蛋;蛋蛋
103;Exeggutor;ナッシー;Noadkoko;Kokowei;나시;椰蛋樹;椰蛋树
104;Cubone;カラカラ;Osselait;Tragosso;탕구리;卡拉卡拉;卡拉卡拉
105;Marowak;ガラガラ;Ossatueur;Knogga;텅구리;嘎啦嘎啦;嘎啦嘎啦
106;Hitmonlee;サワムラー;Kicklee;Kicklee;시라소몬;飛腿郎;飞腿郎
107;Hitmonchan;エビワラー;Tygnon;Nockchan;홍수몬;快拳郎;快拳郎
108;Lickitung;ベロリンガ;Excelangue;Schlurp;내루미;大舌頭;大舌头
109;Koffing;ドガース;Smogo;Smogon;또가스;瓦斯彈;瓦斯弹
110;Weezing;マタドガス;Smogogo;Smogmog;또도가스;雙彈瓦斯;双弹瓦斯
111;Rhyhorn;サイホーン;Rhinocorne;Rihorn;뿔카노;獨角犀牛;独角犀牛
112;Rhydon;サイドン;Rhinoféros;Rizeros;코뿌리;鑽角犀獸;钻角犀兽
113;Chansey;ラッキー;Leveinard;Chaneira;럭키;吉利蛋;吉利蛋
114;Tangela;モンジャラ;Saquedeneu;Tangela;덩쿠리;蔓藤怪;蔓藤怪
115;Kangaskhan;ガルーラ;Kangourex;Kangama;캥카;袋獸;袋兽
116;Horsea;タッツー;Hypotrempe;Seeper;쏘드라;墨海馬;墨海马
117;Seadra;シードラ;Hypocéan;Seemon;시드라;海刺龍;海刺龙
118;Goldeen;トサキント;Poissirène;Goldini;콘치;角金魚;角金鱼
119;Seaking;アズマオウ;Poissoroy;Golking;왕콘치;金魚王;金鱼王
120;Staryu;ヒトデマン;Stari;Sterndu;별가사리;海星星;海星星
121;Starmie;スターミー;Staross;Starmie;아쿠스타;寶石海星;宝石海星
122;Mr. Mime;バリヤード;M. Mime;Pantimos;마임맨;魔牆人偶;魔墙人偶
123;Scyther;ストライク;Insécateur;Sichlor;스라크;飛天螳螂;飞天螳螂
124;Jynx;ルージュラ;Lippoutou;Rossana;루주라;迷唇姐;迷唇姐
125;Electabuzz;エレブー;Élektek;Elektek;에레브;電擊獸;电击兽
126;Magmar;ブーバー;Magmar;Magmar;마그마;鴨嘴火獸;鸭嘴火兽
127;Pinsir;カイロス;Scarabrute;Pinsir;쁘사이저;凱羅斯;凯罗斯
128;Tauros;ケンタロス;Tauros;Tauros;켄타로스;肯泰羅;肯泰罗
129;Magikarp;コイキング;Magicarpe;Karpador;잉어킹;鯉魚王;鲤鱼王
130;Gyarados;ギャラドス;Léviator;Garados;갸라도스;暴鯉龍;暴鲤龙
131;Lapras;ラプラス;Lokhlass;Lapras;라프라스;拉普拉斯;拉普拉斯
132;Ditto;メタモン;Métamorph;Ditto;메타몽;百變怪;百变怪
133;Eevee;イーブイ;Évoli;Evoli;이브이;伊布;伊布
134;Vaporeon;シャワーズ;Aquali;Aquana;샤미드;水伊布;水伊布
135;Jolteon;サンダース;Voltali;Blitza;쥬피썬더;雷伊布;雷伊布
136;Flareon;ブースター;Pyroli;Flamara;부스터;火伊布;火伊布
137;Porygon;ポリゴン;Porygon;Porygon;폴리곤;多邊獸;多边兽
138;Omanyte;オムナイト;Amonita;Amonitas;암나이트;菊石獸;菊石兽
139;Omastar;オムスター;Amonistar;Amoroso;암스타;多刺菊石獸;多刺菊石兽
140;Kabuto;カブト;Kabuto;Kabuto;투구;化石盔;化石盔
141;Kabutops;カブトプス;Kabutops;Kabutops;투구푸스;鐮刀盔;镰刀盔
142;Aerodactyl;プテラ;Ptéra;Aerodactyl;프테라;化石翼龍;化石翼龙
143;Snorlax;カビゴン;Ronflex;Relaxo;잠만보;卡比獸;卡比兽
144;Articuno;フリーザー;Artikodin;Arktos;프리져;急凍鳥;急冻鸟
145;Zapdos;サンダー;Électhor;Zapdos;썬더;閃電鳥;闪电鸟
146;Moltres;ファイヤー;Sulfura;Lavados;파이어;火焰鳥;火焰鸟
147;Dratini;ミニリュウ;Minidraco;Dratini;미뇽;迷你龍;迷你龙
148;Dragonair;ハクリュー;Draco;Dragonir;신뇽;哈克龍;哈克龙
149;Dragonite;カイリュー;Dracolosse;Dragoran;망나뇽;快龍;快龙
150;Mewtwo;ミュウツー;Mewtwo;Mewtu;뮤츠;超夢;超梦
151;Mew;ミュウ;Mew;Mew;뮤;夢幻;梦幻
152;Chikorita;チコリータ;Germignon;Endivie;치코리타;菊草葉;菊草叶
153;Bayleef;ベイリーフ;Macronium;Lorblatt;베이리프;月桂葉;月桂叶
154;Meganium;メガニウム;Méganium;Meganie;메가니움;大竺葵;大竺葵
155;Cyndaquil;ヒノアラシ;Héricendre;Feurigel;브케인;火球鼠;火球鼠
156;Quilava;マグマラシ;Feurisson;Igelavar;마그케인;火岩鼠;火岩鼠
157;Typhlosion;バクフーン;Typhlosion;Tornupto;블레이범;火爆獸;火暴兽
158;Totodile;ワニノコ;Kaiminus;Karnimani;리아코;小鋸鱷;小锯鳄
159;Croconaw;アリゲイツ;Crocrodil;Tyracroc;엘리게이;藍鱷;蓝鳄
160;Feraligatr;オーダイル;Aligatueur;Impergator;장크로다일;大力鱷;大力鳄
161;Sentret;オタチ;Fouinette;Wiesor;꼬리선;尾立;尾立
162;Furret;オオタチ;Fouinar;Wiesenior;다꼬리;大尾立;大尾立
163;Hoothoot;ホーホー;Hoothoot;Hoothoot;부우부;咕咕;咕咕
164;Noctowl;ヨルノズク;Noarfang;Noctuh;야부엉;貓頭夜鷹;猫头夜鹰
165;Ledyba;レディバ;Coxy;Ledyba;레디바;芭瓢蟲;芭瓢虫
166;Ledian;レディアン;Coxyclaque;Ledian;레디안;安瓢蟲;安瓢虫
167;Spinarak;イトマル;Mimigal;Webarak;페이검;圓絲蛛;圆丝蛛
168;Ariados;アリアドス;Migalos;Ariados;아리아도스;阿利多斯;阿利多斯
169;Crobat;クロバット;Nostenfer;Iksbat;크로뱃;叉字蝠;叉字蝠
170;Chinchou;チョンチー;Loupio;Lampi;초라기;燈籠魚;灯笼鱼
171;Lanturn;ランターン;Lanturn;Lanturn;랜턴;電燈怪;电灯怪
172;Pichu;ピチュー;Pichu;Pichu;피츄;皮丘;皮丘
173;Cleffa;ピィ;Mélo;Pii;삐;皮寶寶;皮宝宝
174;Igglybuff;ププリン;Toudoudou;Fluffeluff;푸푸린;寶寶丁;宝宝丁
175;Togepi;トゲピー;Togepi;Togepi;토게피;波克比;波克比
176;Togetic;トゲチック;Togetic;Togetic;토게틱;波克基古;波克基古
177;Natu;ネイティ;Natu;Natu;네이티;天然雀;天然雀
178;Xatu;ネイティオ;Xatu;Xatu;네이티오;天然鳥;天然鸟
179;Mareep;メリープ;Wattouat;Voltilamm;메리프;咩利羊;咩利羊
180;Flaaffy;モココ;Lainergie;Waaty;보송송;茸茸羊;茸茸羊
181;Ampharos;デンリュウ;Pharamp;Ampharos;전룡;電龍;电龙
182;Bellossom;キレイハナ;Joliflor;Blubella;아르코;美麗花;美丽花
183;Marill;マリル;Marill;Marill;마릴;瑪力露;玛力露
184;Azumarill;マリルリ;Azumarill;Azumarill;마릴리;瑪力露麗;玛力露丽
185;Sudowoodo;ウソッキー;Simularbre;Mogelbaum;꼬지모;樹才怪;树才怪
186;Politoed;ニョロトノ;Tarpaud;Quaxo;왕구리;蚊香蛙皇;蚊香蛙皇
187;Hoppip;ハネッコ;Granivol;Hoppspross;통통코;毽子草;毽子草
188;Skiploom;ポポッコ;Floravol;Hubelupf;두코;毽子花;毽子花
189;Jumpluff;ワタッコ;Cotovol;Papungha;솜솜코;毽子棉;毽子棉
190;Aipom;エイパム;Capumain;Griffel;에이팜;長尾怪手;长尾怪手
191;Sunkern;ヒマナッツ;Tournegrin;Sonnkern;해너츠;向日種子;向日种子
192;Sunflora;キマワリ;Héliatronc;Sonnflora;해루미;向日花怪;向日花怪
193;Yanma;ヤンヤンマ;Yanma;Yanma;왕자리;蜻蜻蜓;蜻蜻蜓
194;Wooper;ウパー;Axoloto;Felino;우파;烏波;乌波
195;Quagsire;ヌオー;Maraiste;Morlord;누오;沼王;沼王
196;Espeon;エーフィ;Mentali;Psiana;에브이;太陽伊布;太阳伊布
197;Umbreon;ブラッキー;Noctali;Nachtara;블래키;月亮伊布;月亮伊布
198;Murkrow;ヤミカラス;Cornèbre;Kramurx;니로우;黑暗鴉;黑暗鸦
199;Slowking;ヤドキング;Roigada;Laschoking;야도킹;呆呆王;呆呆王
200;Misdreavus;ムウマ;Feuforêve;Traunfugil;무우마;夢妖;梦妖
201;Unown;アンノーン;Zarbi;Icognito;안농;未知圖騰;未知图腾
202;Wobbuffet;ソーナンス;Qulbutoké;Woingenau;마자용;果然翁;果然翁
203;Girafarig;キリンリキ;Girafarig;Girafarig;키링키;麒麟奇;麒麟奇
204;Pineco;クヌギダマ;Pomdepik;Tannza;피콘;榛果球;榛果球
205;Forretress;フォレトス;Foretress;Forstellka;쏘콘;佛烈托斯;佛烈托斯
206;Dunsparce;ノコッチ;Insolourdo;Dummisel;노고치;土龍弟弟;土龙弟弟
207;Gligar;グライガー;Scorplane;Skorgla;글라이거;天蠍;天蝎
208;Steelix;ハガネール;Steelix;Stahlos;강철톤;大鋼蛇;大钢蛇
209;Snubbull;ブルー;Snubbull;Snubbull;블루;布魯;布鲁
210;Granbull;グランブル;Granbull;Granbull;그랑블루;布魯皇;布鲁皇
211;Qwilfish;ハリーセン;Qwilfish;Baldorfish;침바루;千針魚;千针鱼
212;Scizor;ハッサム;Cizayox;Scherox;핫삼;巨鉗螳螂;巨钳螳螂
213;Shuckle;ツボツボ;Caratroc;Pottrott;단단지;壺壺;壶壶
214;Heracross;ヘラクロス;Scarhino;Skaraborn;헤라크로스;赫拉克羅斯;赫拉克罗斯
215;Sneasel;ニューラ;Farfuret;Sniebel;포푸니;狃拉;狃拉
216;Teddiursa;ヒメグマ;Teddiursa;Teddiursa;깜지곰;熊寶寶;熊宝宝
217;Ursaring;リングマ;Ursaring;Ursaring;링곰;圈圈熊;圈圈熊
218;Slugma;マグマッグ;Limagma;Schneckmag;마그마그;熔岩蟲;熔岩虫
219;Magcargo;マグカルゴ;Volcaropod;Magcargo;마그카르고;熔岩蝸牛;熔岩蜗牛
220;Swinub;ウリムー;Marcacrin;Quiekel;꾸꾸리;小山豬;小山猪
221;Piloswine;イノムー;Cochignon;Keifel;메꾸리;長毛豬;长毛猪
222;Corsola;サニーゴ;Corayon;Corasonn;코산호;太陽珊瑚;太阳珊瑚
223;Remoraid;テッポウオ;Rémoraid;Remoraid;총어;鐵砲魚;铁炮鱼
224;Octillery;オクタン;Octillery;Octillery;대포무노;章魚桶;章鱼桶
225;Delibird;デリバード;Cadoizo;Botogel;딜리버드;信使鳥;信使鸟
226;Mantine;マンタイン;Démanta;Mantax;만타인;巨翅飛魚;巨翅飞鱼
227;Skarmory;エアームド;Airmure;Panzaeron;무장조;盔甲鳥;盔甲鸟
228;Houndour;デルビル;Malosse;Hunduster;델빌;戴魯比;戴鲁比
229;Houndoom;ヘルガー;Démolosse;Hundemon;헬가;黑魯加;黑鲁加
230;Kingdra;キングドラ;Hyporoi;Seedraking;킹드라;刺龍王;刺龙王
231;Phanpy;ゴマゾウ;Phanpy;Phanpy;코코리;小小象;小小象
232;Donphan;ドンファン;Donphan;Donphan;코리갑;頓甲;顿甲
233;Porygon2;ポリゴン２;Porygon2;Porygon2;폴리곤2;多邊獸２;多边兽２
234;Stantler;オドシシ;Cerfrousse;Damhirplex;노라키;驚角鹿;惊角鹿
235;Smeargle;ドーブル;Queulorior;Farbeagle;루브도;圖圖犬;图图犬
236;Tyrogue;バルキー;Debugant;Rabauz;배루키;無畏小子;无畏小子
237;Hitmontop;カポエラー;Kapoera;Kapoera;카포에라;戰舞郎;战舞郎
238;Smoochum;ムチュール;Lippouti;Kussilla;뽀뽀라;迷唇娃;迷唇娃
239;Elekid;エレキッド;Élekid;Elekid;에레키드;電擊怪;电击怪
240;Magby;ブビィ;Magby;Magby;마그비;鴨嘴寶寶;鸭嘴宝宝
241;Miltank;ミルタンク;Écrémeuh;Miltank;밀탱크;大奶罐;大奶罐
242;Blissey;ハピナス;Leuphorie;Heiteira;해피너스;幸福蛋;幸福蛋
243;Raikou;ライコウ;Raikou;Raikou;라이코;雷公;雷公
244;Entei;エンテイ;Entei;Entei;앤테이;炎帝;炎帝
245;Suicune;スイクン;Suicune;Suicune;스이쿤;水君;水君
246;Larvitar;ヨーギラス;Embrylex;Larvitar;애버라스;幼基拉斯;幼基拉斯
247;Pupitar;サナギラス;Ymphect;Pupitar;데기라스;沙基拉斯;沙基拉斯
248;Tyranitar;バンギラス;Tyranocif;Despotar;마기라스;班基拉斯;班基拉斯
249;Lugia;ルギア;Lugia;Lugia;루기아;洛奇亞;洛奇亚
250;Ho-Oh;ホウオウ;Ho-Oh;Ho-Oh;칠색조;鳳王;凤王
251;Celebi;セレビィ;Celebi;Celebi;세레비;時拉比;时拉比
252;Treecko;キモリ;Arcko;Geckarbor;나무지기;木守宮;木守宫
253;Grovyle;ジュプトル;Massko;Reptain;나무돌이;森林蜥蜴;森林蜥蜴
254;Sceptile;ジュカイン;Jungko;Gewaldro;나무킹;蜥蜴王;蜥蜴王
255;Torchic;アチャモ;Poussifeu;Flemmli;아차모;火稚雞;火稚鸡
256;Combusken;ワカシャモ;Galifeu;Jungglut;영치코;力壯雞;力壮鸡
257;Blaziken;バシャーモ;Braségali;Lohgock;번치코;火焰雞;火焰鸡
258;Mudkip;ミズゴロウ;Gobou;Hydropi;물짱이;水躍魚;水躍鱼
259;Marshtomp;ヌマクロー;Flobio;Moorabbel;늪짱이;沼躍魚;沼躍鱼
260;Swampert;ラグラージ;Laggron;Sumpex;대짱이;巨沼怪;巨沼怪
261;Poochyena;ポチエナ;Medhyèna;Fiffyen;포챠나;土狼犬;土狼犬
262;Mightyena;グラエナ;Grahyèna;Magnayen;그라에나;大狼犬;大狼犬
263;Zigzagoon;ジグザグマ;Zigzaton;Zigzachs;지그제구리;蛇紋熊;蛇纹熊
264;Linoone;マッスグマ;Linéon;Geradaks;직구리;直衝熊;直冲熊
265;Wurmple;ケムッソ;Chenipotte;Waumpel;개무소;刺尾蟲;刺尾虫
266;Silcoon;カラサリス;Armulys;Schaloko;실쿤;甲殼繭;甲壳茧
267;Beautifly;アゲハント;Charmillon;Papinella;뷰티플라이;狩獵鳳蝶;狩猎凤蝶
268;Cascoon;マユルド;Blindalys;Panekon;카스쿤;盾甲繭;盾甲茧
269;Dustox;ドクケイル;Papinox;Pudox;독케일;毒粉蛾;毒粉蛾
270;Lotad;ハスボー;Nénupiot;Loturzel;연꽃몬;蓮葉童子;莲叶童子
271;Lombre;ハスブレロ;Lombre;Lombrero;로토스;蓮帽小童;莲帽小童
272;Ludicolo;ルンパッパ;Ludicolo;Kappalores;로파파;樂天河童;乐天河童
273;Seedot;タネボー;Grainipiot;Samurzel;도토링;橡實果;橡实果
274;Nuzleaf;コノハナ;Pifeuil;Blanas;잎새코;長鼻葉;长鼻叶
275;Shiftry;ダーテング;Tengalice;Tengulist;다탱구;狡猾天狗;狡猾天狗
276;Taillow;スバメ;Nirondelle;Schwalbini;테일로;傲骨燕;傲骨燕
277;Swellow;オオスバメ;Hélédelle;Schwalboss;스왈로;大王燕;大王燕
278;Wingull;キャモメ;Goélise;Wingull;갈모매;長翅鷗;长翅鸥
279;Pelipper;ペリッパー;Bekipan;Pelipper;패리퍼;大嘴鷗;大嘴鸥
280;Ralts;ラルトス;Tarsal;Trasla;랄토스;拉魯拉絲;拉鲁拉丝
281;Kirlia;キルリア;Kirlia;Kirlia;킬리아;奇魯莉安;奇鲁莉安
282;Gardevoir;サーナイト;Gardevoir;Guardevoir;가디안;沙奈朵;沙奈朵
283;Surskit;アメタマ;Arakdo;Gehweiher;비구술;溜溜糖球;溜溜糖球
284;Masquerain;アメモース;Maskadra;Maskeregen;비나방;雨翅蛾;雨翅蛾
285;Shroomish;キノココ;Balignon;Knilz;버섯꼬;蘑蘑菇;蘑蘑菇
286;Breloom;キノガッサ;Chapignon;Kapilz;버섯모;斗笠菇;斗笠菇
287;Slakoth;ナマケロ;Parecool;Bummelz;게을로;懶人獺;懒人獭
288;Vigoroth;ヤルキモノ;Vigoroth;Muntier;발바로;過動猿;过动猿
289;Slaking;ケッキング;Monaflèmit;Letarking;게을킹;請假王;请假王
290;Nincada;ツチニン;Ningale;Nincada;토중몬;土居忍士;土居忍士
291;Ninjask;テッカニン;Ninjask;Ninjask;아이스크;鐵面忍者;铁面忍者
292;Shedinja;ヌケニン;Munja;Ninjatom;껍질몬;脫殼忍者;脱壳忍者
293;Whismur;ゴニョニョ;Chuchmur;Flurmel;소곤룡;咕妞妞;咕妞妞
294;Loudred;ドゴーム;Ramboum;Krakeelo;노공룡;吼爆彈;吼爆弹
295;Exploud;バクオング;Brouhabam;Krawumms;폭음룡;爆音怪;爆音怪
296;Makuhita;マクノシタ;Makuhita;Makuhita;마크탕;幕下力士;幕下力士
297;Hariyama;ハリテヤマ;Hariyama;Hariyama;하리뭉;鐵掌力士;铁掌力士
298;Azurill;ルリリ;Azurill;Azurill;루리리;露力麗;露力丽
299;Nosepass;ノズパス;Tarinor;Nasgnet;코코파스;朝北鼻;朝北鼻
300;Skitty;エネコ;Skitty;Eneco;에나비;向尾喵;向尾喵
301;Delcatty;エネコロロ;Delcatty;Enekoro;델케티;優雅貓;优雅猫
302;Sableye;ヤミラミ;Ténéfix;Zobiris;깜까미;勾魂眼;勾魂眼
303;Mawile;クチート;Mysdibule;Flunkifer;입치트;大嘴娃;大嘴娃
304;Aron;ココドラ;Galekid;Stollunior;가보리;可可多拉;可可多拉
305;Lairon;コドラ;Galegon;Stollrak;갱도라;可多拉;可多拉
306;Aggron;ボスゴドラ;Galeking;Stolloss;보스로라;波士可多拉;波士可多拉
307;Meditite;アサナン;Méditikka;Meditie;요가랑;瑪沙那;玛沙那
308;Medicham;チャーレム;Charmina;Meditalis;요가램;恰雷姆;恰雷姆
309;Electrike;ラクライ;Dynavolt;Frizelbliz;썬더라이;落雷獸;落雷兽
310;Manectric;ライボルト;Élecsprint;Voltenso;썬더볼트;雷電獸;雷电兽
311;Plusle;プラスル;Posipi;Plusle;플러시;正電拍拍;正电拍拍
312;Minun;マイナン;Négapi;Minun;마이농;負電拍拍;負电拍拍
313;Volbeat;バルビート;Muciole;Volbeat;볼비트;電螢蟲;电萤虫
314;Illumise;イルミーゼ;Lumivole;Illumise;네오비트;甜甜螢;甜甜萤
315;Roselia;ロゼリア;Rosélia;Roselia;로젤리아;毒薔薇;毒蔷薇
316;Gulpin;ゴクリン;Gloupti;Schluppuck;꼴깍몬;溶食獸;溶食兽
317;Swalot;マルノーム;Avaltout;Schlukwech;꿀꺽몬;吞食獸;吞食兽
318;Carvanha;キバニア;Carvanha;Kanivanha;샤프니아;利牙魚;利牙鱼
319;Sharpedo;サメハダー;Sharpedo;Tohaido;샤크니아;巨牙鯊;巨牙鲨
320;Wailmer;ホエルコ;Wailmer;Wailmer;고래왕자;吼吼鯨;吼吼鲸
321;Wailord;ホエルオー;Wailord;Wailord;고래왕;吼鯨王;吼鲸王
322;Numel;ドンメル;Chamallot;Camaub;둔타;呆火駝;呆火驼
323;Camerupt;バクーダ;Camérupt;Camerupt;폭타;噴火駝;喷火驼
324;Torkoal;コータス;Chartor;Qurtel;코터스;煤炭龜;煤炭龟
325;Spoink;バネブー;Spoink;Spoink;피그점프;跳跳豬;跳跳猪
326;Grumpig;ブーピッグ;Groret;Groink;피그킹;噗噗豬;噗噗猪
327;Spinda;パッチール;Spinda;Pandir;얼루기;晃晃斑;晃晃斑
328;Trapinch;ナックラー;Kraknoix;Knacklion;톱치;大顎蟻;大颚蚁
329;Vibrava;ビブラーバ;Vibraninf;Vibrava;비브라바;超音波幼蟲;超音波幼虫
330;Flygon;フライゴン;Libégon;Libelldra;플라이곤;沙漠蜻蜓;沙漠蜻蜓
331;Cacnea;サボネア;Cacnea;Tuska;선인왕;刺球仙人掌;刺球仙人掌
332;Cacturne;ノクタス;Cacturne;Noktuska;밤선인;夢歌仙人掌;梦歌仙人掌
333;Swablu;チルット;Tylton;Wablu;파비코;青綿鳥;青绵鸟
334;Altaria;チルタリス;Altaria;Altaria;파비코리;七夕青鳥;七夕青鸟
335;Zangoose;ザングース;Mangriff;Sengo;쟝고;貓鼬斬;猫鼬斩
336;Seviper;ハブネーク;Séviper;Vipitis;세비퍼;飯匙蛇;饭匙蛇
337;Lunatone;ルナトーン;Séléroc;Lunastein;루나톤;月石;月石
338;Solrock;ソルロック;Solaroc;Sonnfel;솔록;太陽岩;太阳岩
339;Barboach;ドジョッチ;Barloche;Schmerbe;미꾸리;泥泥鰍;泥泥鰍
340;Whiscash;ナマズン;Barbicha;Welsar;메깅;鯰魚王;鲶鱼王
341;Corphish;ヘイガニ;Écrapince;Krebscorps;가재군;龍蝦小兵;龙虾小兵
342;Crawdaunt;シザリガー;Colhomard;Krebutack;가재장군;鐵螯龍蝦;铁螯龙虾
343;Baltoy;ヤジロン;Balbuto;Puppance;오뚝군;天秤偶;天秤偶
344;Claydol;ネンドール;Kaorine;Lepumentas;점토도리;念力土偶;念力土偶
345;Lileep;リリーラ;Lilia;Liliep;릴링;觸手百合;触手百合
346;Cradily;ユレイドル;Vacilys;Wielie;릴리요;搖籃百合;摇篮百合
347;Anorith;アノプス;Anorith;Anorith;아노딥스;太古羽蟲;太古羽虫
348;Armaldo;アーマルド;Armaldo;Armaldo;아말도;太古盔甲;太古盔甲
349;Feebas;ヒンバス;Barpau;Barschwa;빈티나;醜醜魚;丑丑鱼
350;Milotic;ミロカロス;Milobellus;Milotic;밀로틱;美納斯;美纳斯
351;Castform;ポワルン;Morphéo;Formeo;캐스퐁;飄浮泡泡;飘浮泡泡
352;Kecleon;カクレオン;Kecleon;Kecleon;켈리몬;變隱龍;变隐龙
353;Shuppet;カゲボウズ;Polichombr;Shuppet;어둠대신;怨影娃娃;怨影娃娃
354;Banette;ジュペッタ;Branette;Banette;다크펫;詛咒娃娃;诅咒娃娃
355;Duskull;ヨマワル;Skelénox;Zwirrlicht;해골몽;夜巡靈;夜巡灵
356;Dusclops;サマヨール;Téraclope;Zwirrklop;미라몽;彷徨夜靈;彷徨夜灵
357;Tropius;トロピウス;Tropius;Tropius;트로피우스;熱帶龍;热带龙
358;Chimecho;チリーン;Éoko;Palimpalim;치렁;風鈴鈴;风铃铃
359;Absol;アブソル;Absol;Absol;앱솔;阿勃梭魯;阿勃梭鲁
360;Wynaut;ソーナノ;Okéoké;Isso;마자;小果然;小果然
361;Snorunt;ユキワラシ;Stalgamin;Schneppke;눈꼬마;雪童子;雪童子
362;Glalie;オニゴーリ;Oniglali;Firnontor;얼음귀신;冰鬼護;冰鬼护
363;Spheal;タマザラシ;Obalie;Seemops;대굴레오;海豹球;海豹球
364;Sealeo;トドグラー;Phogleur;Seejong;씨레오;海魔獅;海魔狮
365;Walrein;トドゼルガ;Kaimorse;Walraisa;씨카이저;帝牙海獅;帝牙海狮
366;Clamperl;パールル;Coquiperl;Perlu;진주몽;珍珠貝;珍珠贝
367;Huntail;ハンテール;Serpang;Aalabyss;헌테일;獵斑魚;猎斑鱼
368;Gorebyss;サクラビス;Rosabyss;Saganabyss;분홍장이;櫻花魚;樱花鱼
369;Relicanth;ジーランス;Relicanth;Relicanth;시라칸;古空棘魚;古空棘鱼
370;Luvdisc;ラブカス;Lovdisc;Liebiskus;사랑동이;愛心魚;爱心鱼
371;Bagon;タツベイ;Draby;Kindwurm;아공이;寶貝龍;宝贝龙
372;Shelgon;コモルー;Drackhaus;Draschel;쉘곤;甲殼龍;甲壳龙
373;Salamence;ボーマンダ;Drattak;Brutalanda;보만다;暴飛龍;暴飞龙
374;Beldum;ダンバル;Terhal;Tanhel;메탕;鐵啞鈴;铁哑铃
375;Metang;メタング;Métang;Metang;메탕구;金屬怪;金属怪
376;Metagross;メタグロス;Métalosse;Metagross;메타그로스;巨金怪;巨金怪
377;Regirock;レジロック;Regirock;Regirock;레지락;雷吉洛克;雷吉洛克
378;Regice;レジアイス;Regice;Regice;레지아이스;雷吉艾斯;雷吉艾斯
379;Registeel;レジスチル;Registeel;Registeel;레지스틸;雷吉斯奇魯;雷吉斯奇鲁
380;Latias;ラティアス;Latias;Latias;라티아스;拉帝亞斯;拉帝亚斯
381;Latios;ラティオス;Latios;Latios;라티오스;拉帝歐斯;拉帝欧斯
382;Kyogre;カイオーガ;Kyogre;Kyogre;가이오가;蓋歐卡;盖欧卡
383;Groudon;グラードン;Groudon;Groudon;그란돈;固拉多;固拉多
384;Rayquaza;レックウザ;Rayquaza;Rayquaza;레쿠쟈;烈空坐;烈空坐
385;Jirachi;ジラーチ;Jirachi;Jirachi;지라치;基拉祈;基拉祈
386;Deoxys;デオキシス;Deoxys;Deoxys;테오키스;代歐奇希斯;代欧奇希斯
387;Turtwig;ナエトル;Tortipouss;Chelast;모부기;草苗龜;草苗龟
388;Grotle;ハヤシガメ;Boskara;Chelcarain;수풀부기;樹林龜;树林龟
389;Torterra;ドダイトス;Torterra;Chelterrar;토대부기;土台龜;土台龟
390;Chimchar;ヒコザル;Ouisticram;Panflam;불꽃숭이;小火焰猴;小火焰猴
391;Monferno;モウカザル;Chimpenfeu;Panpyro;파이숭이;猛火猴;猛火猴
392;Infernape;ゴウカザル;Simiabraz;Panferno;초염몽;烈焰猴;烈焰猴
393;Piplup;ポッチャマ;Tiplouf;Plinfa;팽도리;波加曼;波加曼
394;Prinplup;ポッタイシ;Prinplouf;Pliprin;팽태자;波皇子;波皇子
395;Empoleon;エンペルト;Pingoléon;Impoleon;엠페르트;帝王拿波;帝王拿波
396;Starly;ムックル;Étourmi;Staralili;찌르꼬;姆克兒;姆克儿
397;Staravia;ムクバード;Étourvol;Staravia;찌르버드;姆克鳥;姆克鸟
398;Staraptor;ムクホーク;Étouraptor;Staraptor;찌르호크;姆克鷹;姆克鹰
399;Bidoof;ビッパ;Keunotor;Bidiza;비버니;大牙狸;大牙狸
400;Bibarel;ビーダル;Castorno;Bidifas;비버통;大尾狸;大尾狸
401;Kricketot;コロボーシ;Crikzik;Zirpurze;귀뚤뚜기;圓法師;圆法师
402;Kricketune;コロトック;Mélokrik;Zirpeise;귀뚤톡크;音箱蟀;音箱蟀
403;Shinx;コリンク;Lixy;Sheinux;꼬링크;小貓怪;小猫怪
404;Luxio;ルクシオ;Luxio;Luxio;럭시오;勒克貓;勒克猫
405;Luxray;レントラー;Luxray;Luxtra;렌트라;倫琴貓;伦琴猫
406;Budew;スボミー;Rozbouton;Knospi;꼬몽울;含羞苞;含羞苞
407;Roserade;ロズレイド;Roserade;Roserade;로즈레이드;羅絲雷朵;罗丝雷朵
408;Cranidos;ズガイドス;Kranidos;Koknodon;두개도스;頭蓋龍;头盖龙
409;Rampardos;ラムパルド;Charkos;Rameidon;램펄드;戰槌龍;战槌龙
410;Shieldon;タテトプス;Dinoclier;Schilterus;방패톱스;盾甲龍;盾甲龙
411;Bastiodon;トリデプス;Bastiodon;Bollterus;바리톱스;護城龍;护城龙
412;Burmy;ミノムッチ;Cheniti;Burmy;도롱충이;結草兒;结草儿
413;Wormadam;ミノマダム;Cheniselle;Burmadame;도롱마담;結草貴婦;结草贵妇
414;Mothim;ガーメイル;Papilord;Moterpel;나메일;紳士蛾;绅士蛾
415;Combee;ミツハニー;Apitrini;Wadribie;세꿀버리;三蜜蜂;三蜜蜂
416;Vespiquen;ビークイン;Apireine;Honweisel;비퀸;蜂女王;蜂女王
417;Pachirisu;パチリス;Pachirisu;Pachirisu;파치리스;帕奇利茲;帕奇利兹
418;Buizel;ブイゼル;Mustébouée;Bamelin;브이젤;泳圈鼬;泳圈鼬
419;Floatzel;フローゼル;Mustéflott;Bojelin;플로젤;浮潛鼬;浮潜鼬
420;Cherubi;チェリンボ;Ceribou;Kikugi;체리버;櫻花寶;樱花宝
421;Cherrim;チェリム;Ceriflor;Kinoso;체리꼬;櫻花兒;樱花儿
422;Shellos;カラナクシ;Sancoki;Schalellos;깝질무;無殼海兔;无壳海兔
423;Gastrodon;トリトドン;Tritosor;Gastrodon;트리토돈;海兔獸;海兔兽
424;Ambipom;エテボース;Capidextre;Ambidiffel;겟핸보숭;雙尾怪手;双尾怪手
425;Drifloon;フワンテ;Baudrive;Driftlon;흔들풍손;飄飄球;飘飘球
426;Drifblim;フワライド;Grodrive;Drifzepeli;둥실라이드;隨風球;随风球
427;Buneary;ミミロル;Laporeille;Haspiror;이어롤;捲捲耳;卷卷耳
428;Lopunny;ミミロップ;Lockpin;Schlapor;이어롭;長耳兔;长耳兔
429;Mismagius;ムウマージ;Magirêve;Traunmagil;무우마직;夢妖魔;梦妖魔
430;Honchkrow;ドンカラス;Corboss;Kramshef;돈크로우;烏鴉頭頭;乌鸦头头
431;Glameow;ニャルマー;Chaglam;Charmian;나옹마;魅力喵;魅力喵
432;Purugly;ブニャット;Chaffreux;Shnurgarst;몬냥이;東施喵;东施喵
433;Chingling;リーシャン;Korillon;Klingplim;랑딸랑;鈴鐺響;铃铛响
434;Stunky;スカンプー;Moufouette;Skunkapuh;스컹뿡;臭鼬噗;臭鼬噗
435;Skuntank;スカタンク;Moufflair;Skuntank;스컹탱크;坦克臭鼬;坦克臭鼬
436;Bronzor;ドーミラー;Archéomire;Bronzel;동미러;銅鏡怪;铜镜怪
437;Bronzong;ドータクン;Archéodong;Bronzong;동탁군;青銅鐘;青铜钟
438;Bonsly;ウソハチ;Manzaï;Mobai;꼬지지;盆才怪;盆才怪
439;Mime Jr.;マネネ;Mime Jr.;Pantimimi;흉내내;魔尼尼;魔尼尼
440;Happiny;ピンプク;Ptiravi;Wonneira;핑복;小福蛋;小福蛋
441;Chatot;ペラップ;Pijako;Plaudagei;페라페;聒噪鳥;聒噪鸟
442;Spiritomb;ミカルゲ;Spiritomb;Kryppuk;화강돌;花岩怪;花岩怪
443;Gible;フカマル;Griknot;Kaumalat;딥상어동;圓陸鯊;圆陆鲨
444;Gabite;ガバイト;Carmache;Knarksel;한바이트;尖牙陸鯊;尖牙陆鲨
445;Garchomp;ガブリアス;Carchacrok;Knakrack;한카리아스;烈咬陸鯊;烈咬陆鲨
446;Munchlax;ゴンベ;Goinfrex;Mampfaxo;먹고자;小卡比獸;小卡比兽
447;Riolu;リオル;Riolu;Riolu;리오르;利歐路;利欧路
448;Lucario;ルカリオ;Lucario;Lucario;루카리오;路卡利歐;路卡利欧
449;Hippopotas;ヒポポタス;Hippopotas;Hippopotas;히포포타스;沙河馬;沙河马
450;Hippowdon;カバルドン;Hippodocus;Hippoterus;하마돈;河馬獸;河马兽
451;Skorupi;スコルピ;Rapion;Pionskora;스콜피;鉗尾蠍;钳尾蝎
452;Drapion;ドラピオン;Drascore;Piondragi;드래피온;龍王蠍;龙王蝎
453;Croagunk;グレッグル;Cradopaud;Glibunkel;삐딱구리;不良蛙;不良蛙
454;Toxicroak;ドクロッグ;Coatox;Toxiquak;독개굴;毒骷蛙;毒骷蛙
455;Carnivine;マスキッパ;Vortente;Venuflibis;무스틈니;尖牙籠;尖牙笼
456;Finneon;ケイコウオ;Écayon;Finneon;형광어;螢光魚;荧光鱼
457;Lumineon;ネオラント;Luminéon;Lumineon;네오라이트;霓虹魚;霓虹鱼
458;Mantyke;タマンタ;Babimanta;Mantirps;타만타;小球飛魚;小球飞鱼
459;Snover;ユキカブリ;Blizzi;Shnebedeck;눈쓰개;雪笠怪;雪笠怪
460;Abomasnow;ユキノオー;Blizzaroi;Rexblisar;눈설왕;暴雪王;暴雪王
461;Weavile;マニューラ;Dimoret;Snibunna;포푸니라;瑪狃拉;玛狃拉
462;Magnezone;ジバコイル;Magnézone;Magnezone;자포코일;自爆磁怪;自爆磁怪
463;Lickilicky;ベロベルト;Coudlangue;Schlurplek;내룸벨트;大舌舔;大舌舔
464;Rhyperior;ドサイドン;Rhinastoc;Rihornior;거대코뿌리;超甲狂犀;超甲狂犀
465;Tangrowth;モジャンボ;Bouldeneu;Tangoloss;덩쿠림보;巨蔓藤;巨蔓藤
466;Electivire;エレキブル;Élekable;Elevoltek;에레키블;電擊魔獸;电击魔兽
467;Magmortar;ブーバーン;Maganon;Magbrant;마그마번;鴨嘴炎獸;鸭嘴炎兽
468;Togekiss;トゲキッス;Togekiss;Togekiss;토게키스;波克基斯;波克基斯
469;Yanmega;メガヤンマ;Yanmega;Yanmega;메가자리;遠古巨蜓;远古巨蜓
470;Leafeon;リーフィア;Phyllali;Folipurba;리피아;葉伊布;叶伊布
471;Glaceon;グレイシア;Givrali;Glaziola;글레이시아;冰伊布;冰伊布
472;Gliscor;グライオン;Scorvol;Skorgro;글라이온;天蠍王;天蝎王
473;Mamoswine;マンムー;Mammochon;Mamutel;맘모꾸리;象牙豬;象牙猪
474;Porygon-Z;ポリゴンＺ;Porygon-Z;Porygon-Z;폴리곤Z;多邊獸Ｚ;多边兽Ｚ
475;Gallade;エルレイド;Gallame;Galagladi;엘레이드;艾路雷朵;艾路雷朵
476;Probopass;ダイノーズ;Tarinorme;Voluminas;대코파스;大朝北鼻;大朝北鼻
477;Dusknoir;ヨノワール;Noctunoir;Zwirrfinst;야느와르몽;黑夜魔靈;黑夜魔灵
478;Froslass;ユキメノコ;Momartik;Frosdedje;눈여아;雪妖女;雪妖女
479;Rotom;ロトム;Motisma;Rotom;로토무;洛托姆;洛托姆
480;Uxie;ユクシー;Créhelf;Selfe;유크시;由克希;由克希
481;Mesprit;エムリット;Créfollet;Vesprit;엠라이트;艾姆利多;艾姆利多
482;Azelf;アグノム;Créfadet;Tobutz;아그놈;亞克諾姆;亚克诺姆
483;Dialga;ディアルガ;Dialga;Dialga;디아루가;帝牙盧卡;帝牙卢卡
484;Palkia;パルキア;Palkia;Palkia;펄기아;帕路奇亞;帕路奇亚
485;Heatran;ヒードラン;Heatran;Heatran;히드런;席多藍恩;席多蓝恩
486;Regigigas;レジギガス;Regigigas;Regigigas;레지기가스;雷吉奇卡斯;雷吉奇卡斯
487;Giratina;ギラティナ;Giratina;Giratina;기라티나;騎拉帝納;骑拉帝纳
488;Cresselia;クレセリア;Cresselia;Cresselia;크레세리아;克雷色利亞;克雷色利亚
489;Phione;フィオネ;Phione;Phione;피오네;霏歐納;霏欧纳
490;Manaphy;マナフィ;Manaphy;Manaphy;마나피;瑪納霏;玛纳霏
491;Darkrai;ダークライ;Darkrai;Darkrai;다크라이;達克萊伊;达克莱伊
492;Shaymin;シェイミ;Shaymin;Shaymin;쉐이미;謝米;谢米
493;Arceus;アルセウス;Arceus;Arceus;아르세우스;阿爾宙斯;阿尔宙斯
494;Victini;ビクティニ;Victini;Victini;비크티니;比克提尼;比克提尼
495;Snivy;ツタージャ;Vipélierre;Serpifeu;주리비얀;藤藤蛇;藤藤蛇
496;Servine;ジャノビー;Lianaja;Efoserp;샤비;青藤蛇;青藤蛇
497;Serperior;ジャローダ;Majaspic;Serpiroyal;샤로다;君主蛇;君主蛇
498;Tepig;ポカブ;Gruikui;Floink;뚜꾸리;暖暖豬;暖暖猪
499;Pignite;チャオブー;Grotichon;Ferkokel;차오꿀;炒炒豬;炒炒猪
500;Emboar;エンブオー;Roitiflam;Flambirex;염무왕;炎武王;炎武王
501;Oshawott;ミジュマル;Moustillon;Ottaro;수댕이;水水獺;水水獭
502;Dewott;フタチマル;Mateloutre;Zwottronin;쌍검자비;雙刃丸;双刃丸
503;Samurott;ダイケンキ;Clamiral;Admurai;대검귀;大劍鬼;大剑鬼
504;Patrat;ミネズミ;Ratentif;Nagelotz;보르쥐;探探鼠;探探鼠
505;Watchog;ミルホッグ;Miradar;Kukmarda;보르그;步哨鼠;步哨鼠
506;Lillipup;ヨーテリー;Ponchiot;Yorkleff;요테리;小約克;小约克
507;Herdier;ハーデリア;Ponchien;Terribark;하데리어;哈約克;哈约克
508;Stoutland;ムーランド;Mastouffe;Bissbark;바랜드;長毛狗;长毛狗
509;Purrloin;チョロネコ;Chacripan;Felilou;쌔비냥;扒手貓;扒手猫
510;Liepard;レパルダス;Léopardus;Kleoparda;레파르다스;酷豹;酷豹
511;Pansage;ヤナップ;Feuillajou;Vegimak;야나프;花椰猴;花椰猴
512;Simisage;ヤナッキー;Feuiloutan;Vegichita;야나키;花椰猿;花椰猿
513;Pansear;バオップ;Flamajou;Grillmak;바오프;爆香猴;爆香猴
514;Simisear;バオッキー;Flamoutan;Grillchita;바오키;爆香猿;爆香猿
515;Panpour;ヒヤップ;Flotajou;Sodamak;앗차프;冷水猴;冷水猴
516;Simipour;ヒヤッキー;Flotoutan;Sodachita;앗차키;冷水猿;冷水猿
517;Munna;ムンナ;Munna;Somniam;몽나;食夢夢;食梦梦
518;Musharna;ムシャーナ;Mushana;Somnivora;몽얌나;夢夢蝕;梦梦蚀
519;Pidove;マメパト;Poichigeon;Dusselgurr;콩둘기;豆豆鴿;豆豆鸽
520;Tranquill;ハトーボー;Colombeau;Navitaub;유토브;咕咕鴿;咕咕鸽
521;Unfezant;ケンホロウ;Déflaisan;Fasasnob;켄호로우;高傲雉雞;高傲雉鸡
522;Blitzle;シママ;Zébibron;Elezeba;줄뮤마;斑斑馬;斑斑马
523;Zebstrika;ゼブライカ;Zéblitz;Zebritz;제브라이카;雷電斑馬;雷电斑马
524;Roggenrola;ダンゴロ;Nodulithe;Kiesling;단굴;石丸子;石丸子
525;Boldore;ガントル;Géolithe;Sedimantur;암트르;地幔岩;地幔岩
526;Gigalith;ギガイアス;Gigalithe;Brockoloss;기가이어스;龐岩怪;庞岩怪
527;Woobat;コロモリ;Chovsourir;Fleknoil;또르박쥐;滾滾蝙蝠;滚滚蝙蝠
528;Swoobat;ココロモリ;Rhinolove;Fletiamo;맘박쥐;心蝙蝠;心蝙蝠
529;Drilbur;モグリュー;Rototaupe;Rotomurf;두더류;螺釘地鼠;螺钉地鼠
530;Excadrill;ドリュウズ;Minotaupe;Stalobor;몰드류;龍頭地鼠;龙头地鼠
531;Audino;タブンネ;Nanméouïe;Ohrdoch;다부니;差不多娃娃;差不多娃娃
532;Timburr;ドッコラー;Charpenti;Praktibalk;으랏차;搬運小匠;搬运小匠
533;Gurdurr;ドテッコツ;Ouvrifier;Strepoli;토쇠골;鐵骨土人;铁骨土人
534;Conkeldurr;ローブシン;Bétochef;Meistagrif;노보청;修建老匠;修建老匠
535;Tympole;オタマロ;Tritonde;Schallquap;동챙이;圓蝌蚪;圆蝌蚪
536;Palpitoad;ガマガル;Batracné;Mebrana;두까비;藍蟾蜍;蓝蟾蜍
537;Seismitoad;ガマゲロゲ;Crapustule;Branawarz;두빅굴;蟾蜍王;蟾蜍王
538;Throh;ナゲキ;Judokrak;Jiutesto;던지미;投摔鬼;投摔鬼
539;Sawk;ダゲキ;Karaclée;Karadonis;타격귀;打擊鬼;打击鬼
540;Sewaddle;クルミル;Larveyette;Strawickl;두르보;蟲寶包;虫宝包
541;Swadloon;クルマユ;Couverdure;Folikon;두르쿤;寶包繭;宝包茧
542;Leavanny;ハハコモリ;Manternel;Matrifol;모아머;保母蟲;保姆虫
543;Venipede;フシデ;Venipatte;Toxiped;마디네;百足蜈蚣;百足蜈蚣
544;Whirlipede;ホイーガ;Scobolide;Rollum;휠구;車輪毬;车轮球
545;Scolipede;ペンドラー;Brutapode;Cerapendra;펜드라;蜈蚣王;蜈蚣王
546;Cottonee;モンメン;Doudouvet;Waumboll;소미안;木棉球;木棉球
547;Whimsicott;エルフーン;Farfaduvet;Elfun;엘풍;風妖精;风妖精
548;Petilil;チュリネ;Chlorobule;Lilminip;치릴리;百合根娃娃;百合根娃娃
549;Lilligant;ドレディア;Fragilady;Dressella;드레디어;裙兒小姐;裙儿小姐
550;Basculin;バスラオ;Bargantua;Barschuft;배쓰나이;野蠻鱸魚;野蛮鲈鱼
551;Sandile;メグロコ;Mascaïman;Ganovil;깜눈크;黑眼鱷;黑眼鳄
552;Krokorok;ワルビル;Escroco;Rokkaiman;악비르;混混鱷;混混鳄
553;Krookodile;ワルビアル;Crocorible;Rabigator;악비아르;流氓鱷;流氓鳄
554;Darumaka;ダルマッカ;Darumarond;Flampion;달막화;火紅不倒翁;火红不倒翁
555;Darmanitan;ヒヒダルマ;Darumacho;Flampivian;불비달마;達摩狒狒;达摩狒狒
556;Maractus;マラカッチ;Maracachi;Maracamba;마라카치;沙鈴仙人掌;沙铃仙人掌
557;Dwebble;イシズマイ;Crabicoque;Lithomith;돌살이;石居蟹;石居蟹
558;Crustle;イワパレス;Crabaraque;Castellith;암팰리스;岩殿居蟹;岩殿居蟹
559;Scraggy;ズルッグ;Baggiguane;Zurrokex;곤율랭;滑滑小子;滑滑小子
560;Scrafty;ズルズキン;Baggaïd;Irokex;곤율거니;頭巾混混;头巾混混
561;Sigilyph;シンボラー;Cryptéro;Symvolara;심보러;象徵鳥;象征鸟
562;Yamask;デスマス;Tutafeh;Makabaja;데스마스;哭哭面具;哭哭面具
563;Cofagrigus;デスカーン;Tutankafer;Echnatoll;데스니칸;死神棺;死神棺
564;Tirtouga;プロトーガ;Carapagos;Galapaflos;프로토가;原蓋海龜;原盖海龟
565;Carracosta;アバゴーラ;Mégapagos;Karippas;늑골라;肋骨海龜;肋骨海龟
566;Archen;アーケン;Arkéapti;Flapteryx;아켄;始祖小鳥;始祖小鸟
567;Archeops;アーケオス;Aéroptéryx;Aeropteryx;아케오스;始祖大鳥;始祖大鸟
568;Trubbish;ヤブクロン;Miamiasme;Unratütox;깨봉이;破破袋;破破袋
569;Garbodor;ダストダス;Miasmax;Deponitox;더스트나;灰塵山;灰尘山
570;Zorua;ゾロア;Zorua;Zorua;조로아;索羅亞;索罗亚
571;Zoroark;ゾロアーク;Zoroark;Zoroark;조로아크;索羅亞克;索罗亚克
572;Minccino;チラーミィ;Chinchidou;Picochilla;치라미;泡沫栗鼠;泡沫栗鼠
573;Cinccino;チラチーノ;Pashmilla;Chillabell;치라치노;奇諾栗鼠;奇诺栗鼠
574;Gothita;ゴチム;Scrutella;Mollimorba;고디탱;哥德寶寶;哥德宝宝
575;Gothorita;ゴチミル;Mesmérella;Hypnomorba;고디보미;哥德小童;哥德小童
576;Gothitelle;ゴチルゼル;Sidérella;Morbitesse;고디모아젤;哥德小姐;哥德小姐
577;Solosis;ユニラン;Nucléos;Monozyto;유니란;單卵細胞球;单卵细胞球
578;Duosion;ダブラン;Méios;Mitodos;듀란;雙卵細胞球;双卵细胞球
579;Reuniclus;ランクルス;Symbios;Zytomega;란쿨루스;人造細胞卵;人造细胞卵
580;Ducklett;コアルヒー;Couaneton;Piccolente;꼬지보리;鴨寶寶;鸭宝宝
581;Swanna;スワンナ;Lakmécygne;Swaroness;스완나;舞天鵝;舞天鹅
582;Vanillite;バニプッチ;Sorbébé;Gelatini;바닐프티;迷你冰;迷你冰
583;Vanillish;バニリッチ;Sorboul;Gelatroppo;바닐리치;多多冰;多多冰
584;Vanilluxe;バイバニラ;Sorbouboul;Gelatwino;배바닐라;雙倍多多冰;双倍多多冰
585;Deerling;シキジカ;Vivaldaim;Sesokitz;사철록;四季鹿;四季鹿
586;Sawsbuck;メブキジカ;Haydaim;Kronjuwild;바라철록;萌芽鹿;萌芽鹿
587;Emolga;エモンガ;Emolga;Emolga;에몽가;電飛鼠;电飞鼠
588;Karrablast;カブルモ;Carabing;Laukaps;딱정곤;蓋蓋蟲;盖盖虫
589;Escavalier;シュバルゴ;Lançargot;Cavalanzas;슈바르고;騎士蝸牛;骑士蜗牛
590;Foongus;タマゲタケ;Trompignon;Tarnpignon;깜놀버슬;哎呀球菇;哎呀球菇
591;Amoonguss;モロバレル;Gaulet;Hutsassa;뽀록나;敗露球菇;败露球菇
592;Frillish;プルリル;Viskuse;Quabbel;탱그릴;輕飄飄;轻飘飘
593;Jellicent;ブルンゲル;Moyade;Apoquallyp;탱탱겔;胖嘟嘟;胖嘟嘟
594;Alomomola;ママンボウ;Mamanbo;Mamolida;맘복치;保母曼波;保姆曼波
595;Joltik;バチュル;Statitik;Wattzapf;파쪼옥;電電蟲;电电虫
596;Galvantula;デンチュラ;Mygavolt;Voltula;전툴라;電蜘蛛;电蜘蛛
597;Ferroseed;テッシード;Grindur;Kastadur;철시드;種子鐵球;种子铁球
598;Ferrothorn;ナットレイ;Noacier;Tentantel;너트령;堅果啞鈴;坚果哑铃
599;Klink;ギアル;Tic;Klikk;기어르;齒輪兒;齿轮儿
600;Klang;ギギアル;Clic;Kliklak;기기어르;齒輪組;齿轮组
601;Klinklang;ギギギアル;Cliticlic;Klikdiklak;기기기어르;齒輪怪;齿轮怪
602;Tynamo;シビシラス;Anchwatt;Zapplardin;저리어;麻麻小魚;麻麻小鱼
603;Eelektrik;シビビール;Lampéroie;Zapplalek;저리릴;麻麻鰻;麻麻鳗
604;Eelektross;シビルドン;Ohmassacre;Zapplarang;저리더프;麻麻鰻魚王;麻麻鳗鱼王
605;Elgyem;リグレー;Lewsor;Pygraulon;리그레;小灰怪;小灰怪
606;Beheeyem;オーベム;Neitram;Megalon;벰크;大宇怪;大宇怪
607;Litwick;ヒトモシ;Funécire;Lichtel;불켜미;燭光靈;烛光灵
608;Lampent;ランプラー;Mélancolux;Laternecto;램프라;燈火幽靈;灯火幽灵
609;Chandelure;シャンデラ;Lugulabre;Skelabra;샹델라;水晶燈火靈;水晶灯火灵
610;Axew;キバゴ;Coupenotte;Milza;터검니;牙牙;牙牙
611;Fraxure;オノンド;Incisache;Sharfax;액슨도;斧牙龍;斧牙龙
612;Haxorus;オノノクス;Tranchodon;Maxax;액스라이즈;雙斧戰龍;双斧战龙
613;Cubchoo;クマシュン;Polarhume;Petznief;코고미;噴嚏熊;喷嚏熊
614;Beartic;ツンベアー;Polagriffe;Siberio;툰베어;凍原熊;冻原熊
615;Cryogonal;フリージオ;Hexagel;Frigometri;프리지오;幾何雪花;几何雪花
616;Shelmet;チョボマキ;Escargaume;Schnuthelm;쪼마리;小嘴蝸;小嘴蜗
617;Accelgor;アギルダー;Limaspeed;Hydragil;어지리더;敏捷蟲;敏捷虫
618;Stunfisk;マッギョ;Limonde;Flunschlik;메더;泥巴魚;泥巴鱼
619;Mienfoo;コジョフー;Kungfouine;Lin-Fu;비조푸;功夫鼬;功夫鼬
620;Mienshao;コジョンド;Shaofouine;Wie-Shu;비조도;師父鼬;师父鼬
621;Druddigon;クリムガン;Drakkarmin;Shardrago;크리만;赤面龍;赤面龙
622;Golett;ゴビット;Gringolem;Golbit;골비람;泥偶小人;泥偶小人
623;Golurk;ゴルーグ;Golemastoc;Golgantes;골루그;泥偶巨人;泥偶巨人
624;Pawniard;コマタナ;Scalpion;Gladiantri;자망칼;駒刀小兵;驹刀小兵
625;Bisharp;キリキザン;Scalproie;Caesurio;절각참;劈斬司令;劈斩司令
626;Bouffalant;バッフロン;Frison;Bisofank;버프론;爆炸頭水牛;爆炸头水牛
627;Rufflet;ワシボン;Furaiglon;Geronimatz;수리둥보;毛頭小鷹;毛头小鹰
628;Braviary;ウォーグル;Gueriaigle;Washakwil;워글;勇士雄鷹;勇士雄鹰
629;Vullaby;バルチャイ;Vostourno;Skallyk;벌차이;禿鷹丫頭;秃鹰丫头
630;Mandibuzz;バルジーナ;Vaututrice;Grypheldis;버랜지나;禿鷹娜;秃鹰娜
631;Heatmor;クイタラン;Aflamanoir;Furnifraß;앤티골;熔蟻獸;熔蚁兽
632;Durant;アイアント;Fermite;Fermicula;아이앤트;鐵蟻;铁蚁
633;Deino;モノズ;Solochi;Kapuno;모노두;單首龍;单首龙
634;Zweilous;ジヘッド;Diamat;Duodino;디헤드;雙首暴龍;双首暴龙
635;Hydreigon;サザンドラ;Trioxhydre;Trikephalo;삼삼드래;三首惡龍;三首恶龙
636;Larvesta;メラルバ;Pyronille;Ignivor;활화르바;燃燒蟲;燃烧虫
637;Volcarona;ウルガモス;Pyrax;Ramoth;불카모스;火神蛾;火神蛾
638;Cobalion;コバルオン;Cobaltium;Kobalium;코바르온;勾帕路翁;勾帕路翁
639;Terrakion;テラキオン;Terrakium;Terrakium;테라키온;代拉基翁;代拉基翁
640;Virizion;ビリジオン;Viridium;Viridium;비리디온;畢力吉翁;毕力吉翁
641;Tornadus;トルネロス;Boréas;Boreos;토네로스;龍捲雲;龙卷云
642;Thundurus;ボルトロス;Fulguris;Voltolos;볼트로스;雷電雲;雷电云
643;Reshiram;レシラム;Reshiram;Reshiram;레시라무;萊希拉姆;莱希拉姆
644;Zekrom;ゼクロム;Zekrom;Zekrom;제크로무;捷克羅姆;捷克罗姆
645;Landorus;ランドロス;Démétéros;Demeteros;랜드로스;土地雲;土地云
646;Kyurem;キュレム;Kyurem;Kyurem;큐레무;酋雷姆;酋雷姆
647;Keldeo;ケルディオ;Keldeo;Keldeo;케르디오;凱路迪歐;凯路迪欧
648;Meloetta;メロエッタ;Meloetta;Meloetta;메로엣타;美洛耶塔;美洛耶塔
649;Genesect;ゲノセクト;Genesect;Genesect;게노세크트;蓋諾賽克特;盖诺赛克特
650;Chespin;ハリマロン;Marisson;Igamaro;도치마론;哈力栗;哈力栗
651;Quilladin;ハリボーグ;Boguérisse;Igastarnish;도치보구;胖胖哈力;胖胖哈力
652;Chesnaught;ブリガロン;Blindépique;Brigaron;브리가론;布里卡隆;布里卡隆
653;Fennekin;フォッコ;Feunnec;Fynx;푸호꼬;火狐狸;火狐狸
654;Braixen;テールナー;Roussil;Rutena;테르나;長尾火狐;长尾火狐
655;Delphox;マフォクシー;Goupelin;Fennexis;마폭시;妖火紅狐;妖火红狐
656;Froakie;ケロマツ;Grenousse;Froxy;개구마르;呱呱泡蛙;呱呱泡蛙
657;Frogadier;ゲコガシラ;Croâporal;Amphizel;개굴반장;呱頭蛙;呱头蛙
658;Greninja;ゲッコウガ;Amphinobi;Quajutsu;개굴닌자;甲賀忍蛙;甲贺忍蛙
659;Bunnelby;ホルビー;Sapereau;Scoppel;파르빗;掘掘兔;掘掘兔
660;Diggersby;ホルード;Excavarenne;Grebbit;파르토;掘地兔;掘地兔
661;Fletchling;ヤヤコマ;Passerouge;Dartiri;화살꼬빈;小箭雀;小箭雀
662;Fletchinder;ヒノヤコマ;Braisillon;Dartignis;불화살빈;火箭雀;火箭雀
663;Talonflame;ファイアロー;Flambusard;Fiaro;파이어로;烈箭鷹;烈箭鹰
664;Scatterbug;コフキムシ;Lépidonille;Purmel;분이벌레;粉蝶蟲;粉蝶虫
665;Spewpa;コフーライ;Pérégrain;Puponcho;분떠도리;粉蝶蛹;粉蝶蛹
666;Vivillon;ビビヨン;Prismillon;Vivillon;비비용;彩粉蝶;彩粉蝶
667;Litleo;シシコ;Hélionceau;Leufeo;레오꼬;小獅獅;小狮狮
668;Pyroar;カエンジシ;Némélios;Pyroleo;화염레오;火炎獅;火炎狮
669;Flabébé;フラベベ;Flabébé;Flabébé;플라베베;花蓓蓓;花蓓蓓
670;Floette;フラエッテ;Floette;Floette;플라엣테;花葉蒂;花叶蒂
671;Florges;フラージェス;Florges;Florges;플라제스;花潔夫人;花洁夫人
672;Skiddo;メェークル;Cabriolaine;Mähikel;메이클;坐騎小羊;坐骑小羊
673;Gogoat;ゴーゴート;Chevroum;Chevrumm;고고트;坐騎山羊;坐骑山羊
674;Pancham;ヤンチャム;Pandespiègle;Pam-Pam;판짱;頑皮熊貓;顽皮熊猫
675;Pangoro;ゴロンダ;Pandarbare;Pandagro;부란다;流氓熊貓;流氓熊猫
676;Furfrou;トリミアン;Couafarel;Coiffwaff;트리미앙;多麗米亞;多丽米亚
677;Espurr;ニャスパー;Psystigri;Psiau;냐스퍼;妙喵;妙喵
678;Meowstic;ニャオニクス;Mistigrix;Psiaugon;냐오닉스;超能妙喵;超能妙喵
679;Honedge;ヒトツキ;Monorpale;Gramokles;단칼빙;獨劍鞘;独剑鞘
680;Doublade;ニダンギル;Dimoclès;Duokles;쌍검킬;雙劍鞘;双剑鞘
681;Aegislash;ギルガルド;Exagide;Durengard;킬가르도;堅盾劍怪;坚盾剑怪
682;Spritzee;シュシュプ;Fluvetin;Parfi;슈쁘;粉香香;粉香香
683;Aromatisse;フレフワン;Cocotine;Parfinesse;프레프티르;芳香精;芳香精
684;Swirlix;ペロッパフ;Sucroquin;Flauschling;나룸퍼프;綿綿泡芙;绵绵泡芙
685;Slurpuff;ペロリーム;Cupcanaille;Sabbaione;나루림;胖甜妮;胖甜妮
686;Inkay;マーイーカ;Sepiatop;Iscalar;오케이징;好啦魷;好啦鱿
687;Malamar;カラマネロ;Sepiatroce;Calamanero;칼라마네로;烏賊王;乌贼王
688;Binacle;カメテテ;Opermine;Bithora;거북손손;龜腳腳;龟脚脚
689;Barbaracle;ガメノデス;Golgopathe;Thanathora;거북손데스;龜足巨鎧;龟足巨铠
690;Skrelp;クズモー;Venalgue;Algitt;수레기;垃垃藻;垃垃藻
691;Dragalge;ドラミドロ;Kravarech;Tandrak;드래캄;毒藻龍;毒藻龙
692;Clauncher;ウデッポウ;Flingouste;Scampisto;완철포;鐵臂槍蝦;铁臂枪虾
693;Clawitzer;ブロスター;Gamblast;Wummer;블로스터;鋼砲臂蝦;钢炮臂虾
694;Helioptile;エリキテル;Galvaran;Eguana;목도리키텔;傘電蜥;伞电蜥
695;Heliolisk;エレザード;Iguolta;Elezard;일레도리자드;光電傘蜥;光电伞蜥
696;Tyrunt;チゴラス;Ptyranidur;Balgoras;티고라스;寶寶暴龍;宝宝暴龙
697;Tyrantrum;ガチゴラス;Rexillius;Monargoras;견고라스;怪顎龍;怪颚龙
698;Amaura;アマルス;Amagara;Amarino;아마루스;冰雪龍;冰雪龙
699;Aurorus;アマルルガ;Dragmara;Amagarga;아마루르가;冰雪巨龍;冰雪巨龙
700;Sylveon;ニンフィア;Nymphali;Feelinara;님피아;仙子伊布;仙子伊布
701;Hawlucha;ルチャブル;Brutalibré;Resladero;루차불;摔角鷹人;摔角鹰人
702;Dedenne;デデンネ;Dedenne;Dedenne;데덴네;咚咚鼠;咚咚鼠
703;Carbink;メレシー;Strassie;Rocara;멜리시;小碎鑽;小碎钻
704;Goomy;ヌメラ;Mucuscule;Viscora;미끄메라;黏黏寶;黏黏宝
705;Sliggoo;ヌメイル;Colimucus;Viscargot;미끄네일;黏美兒;黏美儿
706;Goodra;ヌメルゴン;Muplodocus;Viscogon;미끄래곤;黏美龍;黏美龙
707;Klefki;クレッフィ;Trousselin;Clavion;클레피;鑰圈兒;钥圈儿
708;Phantump;ボクレー;Brocélôme;Paragoni;나목령;小木靈;小木灵
709;Trevenant;オーロット;Desséliande;Trombork;대로트;朽木妖;朽木妖
710;Pumpkaboo;バケッチャ;Pitrouille;Irrbis;호바귀;南瓜精;南瓜精
711;Gourgeist;パンプジン;Banshitrouye;Pumpdjinn;펌킨인;南瓜怪人;南瓜怪人
712;Bergmite;カチコール;Grelaçon;Arktip;꽁어름;冰寶;冰宝
713;Avalugg;クレベース;Séracrawl;Arktilas;크레베이스;冰岩怪;冰岩怪
714;Noibat;オンバット;Sonistrelle;eF-eM;음뱃;嗡蝠;嗡蝠
715;Noivern;オンバーン;Bruyverne;UHaFnir;음번;音波龍;音波龙
716;Xerneas;ゼルネアス;Xerneas;Xerneas;제르네아스;哲爾尼亞斯;哲尔尼亚斯
717;Yveltal;イベルタル;Yveltal;Yveltal;이벨타르;伊裴爾塔爾;伊裴尔塔尔
718;Zygarde;ジガルデ;Zygarde;Zygarde;지가르데;基格爾德;基格尔德
719;Diancie;ディアンシー;Diancie;Diancie;디안시;蒂安希;蒂安希
720;Hoopa;フーパ;Hoopa;Hoopa;후파;胡帕;胡帕
721;Volcanion;ボルケニオン;Volcanion;Volcanion;볼케니온;波爾凱尼恩;波尔凯尼恩
722;Rowlet;モクロー;Brindibou;Bauz;나몰빼미;木木梟;木木枭
723;Dartrix;フクスロー;Efflèche;Arboretoss;빼미스로우;投羽梟;投羽枭
724;Decidueye;ジュナイパー;Archéduc;Silvarro;모크나이퍼;狙射樹梟;狙射树枭
725;Litten;ニャビー;Flamiaou;Flamiau;냐오불;火斑喵;火斑喵
726;Torracat;ニャヒート;Matoufeu;Miezunder;냐오히트;炎熱喵;炎热喵
727;Incineroar;ガオガエン;Félinferno;Fuegro;어흥염;熾焰咆哮虎;炽焰咆哮虎
728;Popplio;アシマリ;Otaquin;Robball;누리공;球球海獅;球球海狮
729;Brionne;オシャマリ;Otarlette;Marikeck;키요공;花漾海獅;花漾海狮
730;Primarina;アシレーヌ;Oratoria;Primarene;누리레느;西獅海壬;西狮海壬
731;Pikipek;ツツケラ;Picassaut;Peppeck;콕코구리;小篤兒;小笃儿
732;Trumbeak;ケララッパ;Piclairon;Trompeck;크라파;喇叭啄鳥;喇叭啄鸟
733;Toucannon;ドデカバシ;Bazoucan;Tukanon;왕큰부리;銃嘴大鳥;铳嘴大鸟
734;Yungoos;ヤングース;Manglouton;Mangunior;영구스;貓鼬少;猫鼬少
735;Gumshoos;デカグース;Argouste;Manguspektor;형사구스;貓鼬探長;猫鼬探长
736;Grubbin;アゴジムシ;Larvibule;Mabula;턱지충이;強顎雞母蟲;强颚鸡母虫
737;Charjabug;デンヂムシ;Chrysapile;Akkup;전지충이;蟲電寶;虫电宝
738;Vikavolt;クワガノン;Lucanon;Donarion;투구뿌논;鍬農砲蟲;锹农炮虫
739;Crabrawler;マケンカニ;Crabagarre;Krabbox;오기지게;好勝蟹;好胜蟹
740;Crabominable;ケケンカニ;Crabominable;Krawell;모단단게;好勝毛蟹;好胜毛蟹
741;Oricorio;オドリドリ;Plumeline;Choreogel;춤추새;花舞鳥;花舞鸟
742;Cutiefly;アブリー;Bombydou;Wommel;에블리;萌虻;萌虻
743;Ribombee;アブリボン;Rubombelle;Bandelby;에리본;蝶結萌虻;蝶结萌虻
744;Rockruff;イワンコ;Rocabot;Wuffels;암멍이;岩狗狗;岩狗狗
745;Lycanroc;ルガルガン;Lougaroc;Wolwerock;루가루암;鬃岩狼人;鬃岩狼人
746;Wishiwashi;ヨワシ;Froussardine;Lusardin;약어리;弱丁魚;弱丁鱼
747;Mareanie;ヒドイデ;Vorastérie;Garstella;시마사리;好壞星;好坏星
748;Toxapex;ドヒドイデ;Prédastérie;Aggrostella;더시마사리;超壞星;超坏星
749;Mudbray;ドロバンコ;Tiboudet;Pampuli;머드나기;泥驢仔;泥驴仔
750;Mudsdale;バンバドロ;Bourrinos;Pampross;만마드;重泥挽馬;重泥挽马
751;Dewpider;シズクモ;Araqua;Araqua;물거미;滴蛛;滴蛛
752;Araquanid;オニシズクモ;Tarenbulle;Aranestro;깨비물거미;滴蛛霸;滴蛛霸
753;Fomantis;カリキリ;Mimantis;Imantis;짜랑랑;偽螳草;伪螳草
754;Lurantis;ラランテス;Floramantis;Mantidea;라란티스;蘭螳花;兰螳花
755;Morelull;ネマシュ;Spododo;Bubungus;자마슈;睡睡菇;睡睡菇
756;Shiinotic;マシェード;Lampignon;Lamellux;마셰이드;燈罩夜菇;灯罩夜菇
757;Salandit;ヤトウモリ;Tritox;Molunk;야도뇽;夜盜火蜥;夜盗火蜥
758;Salazzle;エンニュート;Malamandre;Amfira;염뉴트;焰后蜥;焰后蜥
759;Stufful;ヌイコグマ;Nounourson;Velursi;포곰곰;童偶熊;童偶熊
760;Bewear;キテルグマ;Chelours;Kosturso;이븐곰;穿著熊;穿着熊
761;Bounsweet;アマカジ;Croquine;Frubberl;달콤아;甜竹竹;甜竹竹
762;Steenee;アママイコ;Candine;Frubaila;달무리나;甜舞妮;甜舞妮
763;Tsareena;アマージョ;Sucreine;Fruyal;달코퀸;甜冷美后;甜冷美后
764;Comfey;キュワワー;Guérilande;Curelei;큐아링;花療環環;花疗环环
765;Oranguru;ヤレユータン;Gouroutan;Kommandutan;하랑우탄;智揮猩;智挥猩
766;Passimian;ナゲツケサル;Quartermac;Quartermak;내던숭이;投擲猴;投掷猴
767;Wimpod;コソクムシ;Sovkipou;Reißlaus;꼬시레;膽小蟲;胆小虫
768;Golisopod;グソクムシャ;Sarmuraï;Tectass;갑주무사;具甲武者;具甲武者
769;Sandygast;スナバァ;Bacabouh;Sankabuh;모래꿍;沙丘娃;沙丘娃
770;Palossand;シロデスナ;Trépassable;Colossand;모래성이당;噬沙堡爺;噬沙堡爷
771;Pyukumuku;ナマコブシ;Concombaffe;Gufa;해무기;拳海參;拳海参
772;Type: Null;タイプ：ヌル;Type:0;Typ:Null;타입:널;屬性：空;属性：空
773;Silvally;シルヴァディ;Silvallié;Amigento;실버디;銀伴戰獸;银伴战兽
774;Minior;メテノ;Météno;Meteno;메테노;小隕星;小陨星
775;Komala;ネッコアラ;Dodoala;Koalelu;자말라;樹枕尾熊;树枕尾熊
776;Turtonator;バクガメス;Boumata;Tortunator;폭거북스;爆焰龜獸;爆焰龟兽
777;Togedemaru;トゲデマル;Togedemaru;Togedemaru;토게데마루;托戈德瑪爾;托戈德玛尔
778;Mimikyu;ミミッキュ;Mimiqui;Mimigma;따라큐;謎擬Ｑ;谜拟Ｑ
779;Bruxish;ハギギシリ;Denticrisse;Knirfish;치갈기;磨牙彩皮魚;磨牙彩皮鱼
780;Drampa;ジジーロン;Draïeul;Sen-Long;할비롱;老翁龍;老翁龙
781;Dhelmise;ダダリン;Sinistrail;Moruda;타타륜;破破舵輪;破破舵轮
782;Jangmo-o;ジャラコ;Bébécaille;Miniras;짜랑꼬;心鱗寶;心鳞宝
783;Hakamo-o;ジャランゴ;Écaïd;Mediras;짜랑고우;鱗甲龍;鳞甲龙
784;Kommo-o;ジャラランガ;Ékaïser;Grandiras;짜랑고우거;杖尾鱗甲龍;杖尾鳞甲龙
785;Tapu Koko;カプ・コケコ;Tokorico;Kapu-Riki;카푸꼬꼬꼭;卡璞・鳴鳴;卡璞・鸣鸣
786;Tapu Lele;カプ・テテフ;Tokopiyon;Kapu-Fala;카푸나비나;卡璞・蝶蝶;卡璞・蝶蝶
787;Tapu Bulu;カプ・ブルル;Tokotoro;Kapu-Toro;카푸브루루;卡璞・哞哞;卡璞・哞哞
788;Tapu Fini;カプ・レヒレ;Tokopisco;Kapu-Kime;카푸느지느;卡璞・鰭鰭;卡璞・鳍鳍
789;Cosmog;コスモッグ;Cosmog;Cosmog;코스모그;科斯莫古;科斯莫古
790;Cosmoem;コスモウム;Cosmovum;Cosmovum;코스모움;科斯莫姆;科斯莫姆
791;Solgaleo;ソルガレオ;Solgaleo;Solgaleo;솔가레오;索爾迦雷歐;索尔迦雷欧
792;Lunala;ルナアーラ;Lunala;Lunala;루나아라;露奈雅拉;露奈雅拉
793;Nihilego;ウツロイド;Zéroïd;Anego;텅비드;虛吾伊德;虛吾伊德
794;Buzzwole;マッシブーン;Mouscoto;Masskito;매시붕;爆肌蚊;爆肌蚊
795;Pheromosa;フェローチェ;Cancrelove;Schabelle;페로코체;費洛美螂;费洛美螂
796;Xurkitree;デンジュモク;Câblifère;Voltriant;전수목;電束木;电束木
797;Celesteela;テッカグヤ;Bamboiselle;Kaguron;철화구야;鐵火輝夜;铁火辉夜
798;Kartana;カミツルギ;Katagami;Katagami;종이신도;紙御劍;纸御剑
799;Guzzlord;アクジキング;Engloutyran;Schlingking;악식킹;惡食大王;恶食大王
800;Necrozma;ネクロズマ;Necrozma;Necrozma;네크로즈마;奈克洛茲瑪;奈克洛兹玛
801;Magearna;マギアナ;Magearna;Magearna;마기아나;瑪機雅娜;玛机雅娜
802;Marshadow;マーシャドー;Marshadow;Marshadow;마샤도;瑪夏多;玛夏多
803;Poipole;ベベノム;Vémini;Venicro;베베놈;毒貝比;毒贝比
804;Naganadel;アーゴヨン;Mandrillon;Agoyon;아고용;四顎針龍;四颚针龙
805;Stakataka;ツンデツンデ;Ama-Ama;Muramura;차곡차곡;壘磊石;垒磊石
806;Blacephalon;ズガドーン;Pierroteknik;Kopplosio;두파팡;砰頭小丑;砰头小丑
807;Zeraora;ゼラオラ;Zeraora;Zeraora;제라오라;捷拉奥拉;捷拉奥拉
808;Meltan;メルタン;Meltan;Meltan;멜탄;美錄坦;美录坦
809;Melmetal;メルメタル;Melmetal;Melmetal;멜메탈;美錄梅塔;美录梅塔
810;Grookey;サルノリ;Ouistempo;Chimpep;흥나숭;敲音猴;敲音猴
811;Thwackey;バチンキー;Badabouin;Chimstix;채키몽;啪咚猴;啪咚猴
812;Rillaboom;ゴリランダー;Gorythmic;Gortrom;고릴타;轟擂金剛猩;轰擂金刚猩
813;Scorbunny;ヒバニー;Flambino;Hopplo;염버니;炎兔兒;炎兔儿
814;Raboot;ラビフット;Lapyro;Kickerlo;래비풋;騰蹴小將;腾蹴小将
815;Cinderace;エースバーン;Pyrobut;Liberlo;에이스번;閃焰王牌;闪焰王牌
816;Sobble;メッソン;Larméléon;Memmeon;울머기;淚眼蜥;泪眼蜥
817;Drizzile;ジメレオン;Arrozard;Phlegleon;누겔레온;變澀蜥;变涩蜥
818;Inteleon;インテレオン;Lézargus;Intelleon;인텔리레온;千面避役;千面避役
819;Skwovet;ホシガリス;Rongourmand;Raffel;탐리스;貪心栗鼠;贪心栗鼠
820;Greedent;ヨクバリス;Rongrigou;Schlaraffel;요씽리스;藏飽栗鼠;藏饱栗鼠
821;Rookidee;ココガラ;Minisange;Meikro;파라꼬;稚山雀;稚山雀
822;Corvisquire;アオガラス;Bleuseille;Kranoviz;파크로우;藍鴉;蓝鸦
823;Corviknight;アーマーガア;Corvaillus;Krarmor;아머까오;鋼鎧鴉;钢铠鸦
824;Blipbug;サッチムシ;Larvadar;Sensect;두루지벌레;索偵蟲;索侦虫
825;Dottler;レドームシ;Coléodôme;Keradar;레돔벌레;天罩蟲;天罩虫
826;Orbeetle;イオルブ;Astronelle;Maritellit;이올브;以歐路普;以欧路普
827;Nickit;クスネ;Goupilou;Kleptifux;훔처우;偷兒狐;偷儿狐
828;Thievul;フォクスライ;Roublenard;Gaunux;폭슬라이;狐大盜;狐大盗
829;Gossifleur;ヒメンカ;Tournicoton;Cottini;꼬모카;幼棉棉;幼棉棉
830;Eldegoss;ワタシラガ;Blancoton;Cottomi;백솜모카;白蓬蓬;白蓬蓬
831;Wooloo;ウールー;Moumouton;Wolly;우르;毛辮羊;毛辫羊
832;Dubwool;バイウールー;Moumouflon;Zwollock;배우르;毛毛角羊;毛毛角羊
833;Chewtle;カムカメ;Khélocrok;Kamehaps;깨물부기;咬咬龜;咬咬龟
834;Drednaw;カジリガメ;Torgamord;Kamalm;갈가부기;暴噬龜;暴噬龟
835;Yamper;ワンパチ;Voltoutou;Voldi;멍파치;來電汪;来电汪
836;Boltund;パルスワン;Fulgudog;Bellektro;펄스멍;逐電犬;逐电犬
837;Rolycoly;タンドン;Charbi;Klonkett;탄동;小炭仔;小炭仔
838;Carkol;トロッゴン;Wagomine;Wagong;탄차곤;大炭車;大炭车
839;Coalossal;セキタンザン;Monthracite;Montecarbo;석탄산;巨炭山;巨炭山
840;Applin;カジッチュ;Verpom;Knapfel;과사삭벌레;啃果蟲;啃果虫
841;Flapple;アップリュー;Pomdrapi;Drapfel;애프룡;蘋裹龍;苹裹龙
842;Appletun;タルップル;Dratatin;Schlapfel;단지래플;豐蜜龍;丰蜜龙
843;Silicobra;スナヘビ;Dunaja;Salanga;모래뱀;沙包蛇;沙包蛇
844;Sandaconda;サダイジャ;Dunaconda;Sanaconda;사다이사;沙螺蟒;沙螺蟒
845;Cramorant;ウッウ;Nigosier;Urgl;윽우지;古月鳥;古月鳥
846;Arrokuda;サシカマス;Embrochet;Pikuda;찌로꼬치;刺梭魚;刺梭鱼
847;Barraskewda;カマスジョー;Hastacuda;Barrakiefa;꼬치조;戽斗尖梭;戽斗尖梭
848;Toxel;エレズン;Toxizap;Toxel;일레즌;毒電嬰;毒电婴
849;Toxtricity;ストリンダー;Salarsen;Riffex;스트린더;顫弦蠑螈;颤弦蝾螈
850;Sizzlipede;ヤクデ;Grillepattes;Thermopod;태우지네;燒火蚣;烧火蚣
851;Centiskorch;マルヤクデ;Scolocendre;Infernopod;다태우지네;焚焰蚣;焚焰蚣
852;Clobbopus;タタッコ;Poulpaf;Klopptopus;때때무노;拳拳蛸;拳拳蛸
853;Grapploct;オトスパス;Krakos;Kaocto;케오퍼스;八爪武師;八爪武师
854;Sinistea;ヤバチャ;Théffroi;Fatalitee;데인차;來悲茶;来悲茶
855;Polteageist;ポットデス;Polthégeist;Mortipot;포트데스;怖思壺;怖思壶
856;Hatenna;ミブリム;Bibichut;Brimova;몸지브림;迷布莉姆;迷布莉姆
857;Hattrem;テブリム;Chapotus;Brimano;손지브림;提布莉姆;提布莉姆
858;Hatterene;ブリムオン;Sorcilence;Silembrim;브리무음;布莉姆溫;布莉姆温
859;Impidimp;ベロバー;Grimalin;Bähmon;메롱꿍;搗蛋小妖;捣蛋小妖
860;Morgrem;ギモー;Fourbelin;Pelzebub;쏘겨모;詐唬魔;诈唬魔
861;Grimmsnarl;オーロンゲ;Angoliath;Olangaar;오롱털;長毛巨魔;长毛巨魔
862;Obstagoon;タチフサグマ;Ixon;Barrikadax;가로막구리;堵攔熊;堵拦熊
863;Perrserker;ニャイキング;Berserkatt;Mauzinger;나이킹;喵頭目;喵头目
864;Cursola;サニゴーン;Corayôme;Gorgasonn;산호르곤;魔靈珊瑚;魔灵珊瑚
865;Sirfetch’d;ネギガナイト;Palarticho;Lauchzelot;창파나이트;蔥遊兵;葱游兵
866;Mr. Rime;バリコオル;M. Glaquette;Pantifrost;마임꽁꽁;踏冰人偶;踏冰人偶
867;Runerigus;デスバーン;Tutétékri;Oghnatoll;데스판;死神板;死神板
868;Milcery;マホミル;Crèmy;Hokumil;마빌크;小仙奶;小仙奶
869;Alcremie;マホイップ;Charmilly;Pokusan;마휘핑;霜奶仙;霜奶仙
870;Falinks;タイレーツ;Hexadron;Legios;대여르;列陣兵;列阵兵
871;Pincurchin;バチンウニ;Wattapik;Britzigel;찌르성게;啪嚓海膽;啪嚓海胆
872;Snom;ユキハミ;Frissonille;Snomnom;누니머기;雪吞蟲;雪吞虫
873;Frosmoth;モスノウ;Beldeneige;Mottineva;모스노우;雪絨蛾;雪绒蛾
874;Stonjourner;イシヘンジン;Dolman;Humanolith;돌헨진;巨石丁;巨石丁
875;Eiscue;コオリッポ;Bekaglaçon;Kubuin;빙큐보;冰砌鵝;冰砌鹅
876;Indeedee;イエッサン;Wimessir;Servol;에써르;愛管侍;爱管侍
877;Morpeko;モルペコ;Morpeko;Morpeko;모르페코;莫魯貝可;莫鲁贝可
878;Cufant;ゾウドウ;Charibari;Kupfanti;끼리동;銅象;铜象
879;Copperajah;ダイオウドウ;Pachyradjah;Patinaraja;대왕끼리동;大王銅象;大王铜象
880;Dracozolt;パッチラゴン;Galvagon;Lectragon;파치래곤;雷鳥龍;雷鸟龙
881;Arctozolt;パッチルドン;Galvagla;Lecryodon;파치르돈;雷鳥海獸;雷鸟海兽
882;Dracovish;ウオノラゴン;Hydragon;Pescragon;어래곤;鰓魚龍;鳃鱼龙
883;Arctovish;ウオチルドン;Hydragla;Pescryodon;어치르돈;鰓魚海獸;鳃鱼海兽
884;Duraludon;ジュラルドン;Duralugon;Duraludon;두랄루돈;鋁鋼龍;铝钢龙
885;Dreepy;ドラメシヤ;Fantyrm;Grolldra;드라꼰;多龍梅西亞;多龙梅西亚
886;Drakloak;ドロンチ;Dispareptil;Phandra;드래런치;多龍奇;多龙奇
887;Dragapult;ドラパルト;Lanssorien;Katapuldra;드래펄트;多龍巴魯托;多龙巴鲁托
888;Zacian;ザシアン;Zacian;Zacian;자시안;蒼響;苍响
889;Zamazenta;ザマゼンタ;Zamazenta;Zamazenta;자마젠타;藏瑪然特;藏玛然特
890;Eternatus;ムゲンダイナ;Éthernatos;Endynalos;무한다이노;無極汰那;无极汰那
891;Kubfu;ダクマ;Wushours;Dakuma;치고마;熊徒弟;熊徒弟
892;Urshifu;ウーラオス;Shifours;Wulaosu;우라오스;武道熊師;武道熊师
893;Zarude;ザルード;Zarude;Zarude;자루도;薩戮德;萨戮德
894;Regieleki;レジエレキ;Regieleki;Regieleki;레지에레키;雷吉艾勒奇;雷吉艾勒奇
895;Regidrago;レジドラゴ;Regidrago;Regidrago;레지드래고;雷吉鐸拉戈;雷吉铎拉戈
896;Glastrier;ブリザポス;Blizzeval;Polaross;블리자포스;雪暴馬;雪暴马
897;Spectrier;レイスポス;Spectreval;Phantoross;레이스포스;靈幽馬;灵幽马
898;Calyrex;バドレックス;Sylveroy;Coronospa;버드렉스;蕾冠王;蕾冠王
899;Wyrdeer;アヤシシ;Cerbyllin;Damythir;신비록;詭角鹿;诡角鹿
900;Kleavor;バサギリ;Hachécateur;Axantor;사마자르;劈斧螳螂;劈斧螳螂
901;Ursaluna;ガチグマ;Ursaking;Ursaluna;다투곰;月月熊;月月熊
902;Basculegion;イダイトウ;Paragruel;Salmagnis;대쓰여너;幽尾玄魚;幽尾玄鱼
903;Sneasler;オオニューラ;Farfurex;Snieboss;포푸니크;大狃拉;大狃拉
904;Overqwil;ハリーマン;Qwilpik;Myriador;장침바루;萬針魚;万针鱼
905;Enamorus;ラブトロス;Amovénus;Cupidos;러브로스;眷戀雲;眷恋云
906;Sprigatito;ニャオハ;Poussacha;Felori;나오하;新葉喵;新叶喵
907;Floragato;ニャローテ;Matourgeon;Feliospa;나로테;蒂蕾喵;蒂蕾喵
908;Meowscarada;マスカーニャ;Miascarade;Maskagato;마스카나;魔幻假面喵;魔幻假面喵
909;Fuecoco;ホゲータ;Chochodile;Krokel;뜨아거;呆火鱷;呆火鳄
910;Crocalor;アチゲータ;Crocogril;Lokroko;악뜨거;炙燙鱷;炙烫鳄
911;Skeledirge;ラウドボーン;Flâmigator;Skelokrok;라우드본;骨纹巨声鳄;骨纹巨声鳄
912;Quaxly;クワッス;Coiffeton;Kwaks;꾸왁스;潤水鴨;润水鸭
913;Quaxwell;ウェルカモ;Canarbello;Fuentente;아꾸왁;湧躍鴨;涌跃鸭
914;Quaquaval;ウェーニバル;Palmaval;Bailonda;웨이니발;狂歡浪舞鴨;狂欢浪舞鸭
915;Lechonk;グルトン;Gourmelet;Ferkuli;맛보돈;愛吃豚;爱吃豚
916;Oinkologne;パフュートン;Fragroin;Fragrunz;퍼퓨돈;飄香豚;飘香豚
917;Tarountula;タマンチュラ;Tissenboule;Tarundel;타랜툴라;團珠蛛;团珠蛛
918;Spidops;ワナイダー;Filentrappe;Spinsidias;트래피더;操陷蛛;操陷蛛
919;Nymble;マメバッタ;Lilliterelle;Micrick;콩알뚜기;豆蟋蟀;豆蟋蟀
920;Lokix;エクスレッグ;Gambex;Lextremo;엑스레그;烈腿蝗;烈腿蝗
921;Pawmi;パモ;Pohm;Pamo;빠모;布撥;布拨
922;Pawmo;パモット;Pohmotte;Pamamo;빠모트;布土撥;布土拨
923;Pawmot;パーモット;Pohmarmotte;Pamomamo;빠르모트;巴布土撥;巴布土拨
924;Tandemaus;ワッカネズミ;Compagnol;Zwieps;두리쥐;一對鼠;一对鼠
925;Maushold;イッカネズミ;Famignol;Famieps;파밀리쥐;一家鼠;一家鼠
926;Fidough;パピモッチ;Pâtachiot;Hefel;쫀도기;狗仔包;狗仔包
927;Dachsbun;バウッツェル;Briochien;Backel;바우첼;麻花犬;麻花犬
928;Smoliv;ミニーブ;Olivini;Olini;미니브;迷你芙;迷你芙
929;Dolliv;オリーニョ;Olivado;Olivinio;올리뇨;奧利紐;奥利纽
930;Arboliva;オリーヴァ;Arboliva;Olithena;올리르바;奧利瓦;奥利瓦
931;Squawkabilly;イキリンコ;Tapatoès;Krawalloro;시비꼬;怒鸚哥;怒鹦哥
932;Nacli;コジオ;Selutin;Geosali;베베솔트;鹽石寶;盐石宝
933;Naclstack;ジオヅム;Amassel;Sedisal;스태솔트;鹽石壘;盐石垒
934;Garganacl;キョジオーン;Gigansel;Saltigant;콜로솔트;鹽石巨靈;盐石巨灵
935;Charcadet;カルボウ;Charbambin;Knarbon;카르본;炭小侍;炭小侍
936;Armarouge;グレンアルマ;Carmadura;Crimanzo;카디나르마;紅蓮鎧騎;红莲铠骑
937;Ceruledge;ソウブレイズ;Malvalame;Azugladis;파라블레이즈;蒼炎刃鬼;苍炎刃鬼
938;Tadbulb;ズピカ;Têtampoule;Blipp;빈나두;光蚪仔;光蚪仔
939;Bellibolt;ハラバリー;Ampibidou;Wampitz;찌리배리;電肚蛙;电肚蛙
940;Wattrel;カイデン;Zapétrel;Voltrel;찌리비;電海燕;电海燕
941;Kilowattrel;タイカイデン;Fulgulairo;Voltrean;찌리비크;大電海燕;大电海燕
942;Maschiff;オラチフ;Grondogue;Mobtiff;오라티프;偶叫獒;偶叫獒
943;Mabosstiff;マフィティフ;Dogrino;Mastifioso;마피티프;獒教父;獒教父
944;Shroodle;シルシュルー;Gribouraigne;Sproxi;땃쭈르;滋汁鼴;滋汁鼹
945;Grafaiai;タギングル;Tag-Tag;Affiti;태깅구르;塗標客;涂标客
946;Bramblin;アノクサ;Virovent;Weherba;그푸리;納噬草;纳噬草
947;Brambleghast;アノホラグサ;Virevorreur;Horrerba;공푸리;怖納噬草;怖纳噬草
948;Toedscool;ノノクラゲ;Terracool;Tentagra;들눈해;原野水母;原野水母
949;Toedscruel;リククラゲ;Terracruel;Tenterra;육파리;陸地水母;陸地水母
950;Klawf;ガケガニ;Craparoi;Klibbe;절벼게;毛崖蟹;毛崖蟹
951;Capsakid;カプサイジ;Pimito;Chilingel;캡싸이;熱辣娃;热辣娃
952;Scovillain;スコヴィラン;Scovilain;Halupenjo;스코빌런;狠辣椒;狠辣椒
953;Rellor;シガロコ;Léboulérou;Relluk;구르데;蟲滾泥;虫滚泥
954;Rabsca;ベラカス;Bérasca;Skarabaks;베라카스;蟲甲聖;虫甲圣
955;Flittle;ヒラヒナ;Flotillon;Flattutu;하느라기;飄飄雛;飘飘雏
956;Espathra;クエスパトラ;Cléopsytra;Psiopatra;클레스퍼트라;超能豔鴕;超能艳鸵
957;Tinkatink;カヌチャン;Forgerette;Forgita;어리짱;小鍛匠;小锻匠
958;Tinkatuff;ナカヌチャン;Forgella;Tafforgita;벼리짱;巧鍛匠;巧锻匠
959;Tinkaton;デカヌチャン;Forgelina;Granforgita;두드리짱;巨鍛匠;巨锻匠
960;Wiglett;ウミディグダ;Taupikeau;Schligda;바다그다;海地鼠;海地鼠
961;Wugtrio;ウミトリオ;Triopikeau;Schligdri;바닥트리오;三海地鼠;三海地鼠
962;Bombirdier;オトシドリ;Lestombaile;Adebom;떨구새;下石鳥;下石鸟
963;Finizen;ナミイルカ;Dofin;Normifin;맨돌핀;波普海豚;波普海豚
964;Palafin;イルカマン;Superdofin;Delfinator;돌핀맨;海豚俠;海豚侠
965;Varoom;ブロロン;Vrombi;Knattox;부르롱;噗隆隆;噗隆隆
966;Revavroom;ブロロローム;Vrombotor;Knattatox;부르르룸;普隆隆姆;普隆隆姆
967;Cyclizar;モトトカゲ;Motorizard;Mopex;모토마;摩托蜥;摩托蜥
968;Orthworm;ミミズズ;Ferdeter;Schlurm;꿈트렁;拖拖蚓;拖拖蚓
969;Glimmet;キラーメ;Germéclat;Lumispross;초롱순;晶光芽;晶光芽
970;Glimmora;キラフロル;Floréclat;Lumiflora;킬라플로르;晶光花;晶光花
971;Greavard;ボチ;Toutombe;Gruff;망망이;墓仔狗;墓仔狗
972;Houndstone;ハカドッグ;Tomberro;Friedwuff;묘두기;墓揚犬;墓扬犬
973;Flamigo;カラミンゴ;Flamenroule;Flaminkno;꼬이밍고;纏紅鶴;缠红鹤
974;Cetoddle;アルクジラ;Piétacé;Flaniwal;터벅고래;走鯨;走鲸
975;Cetitan;ハルクジラ;Balbalèze;Kolowal;우락고래;浩大鯨;浩大鲸
976;Veluza;ミガルーサ;Délestin;Agiluza;가비루사;輕身鱈;轻身鳕
977;Dondozo;ヘイラッシャ;Oyacata;Heerashai;어써러셔;吃吼霸;吃吼霸
978;Tatsugiri;シャリタツ;Nigirigon;Nigiragi;싸리용;米立龍;米立龙
979;Annihilape;コノヨザル;Courrousinge;Epitaff;저승갓숭;棄世猴;弃世猴
980;Clodsire;ドオー;Terraiste;Suelord;토오;土王;土王
981;Farigiraf;リキキリン;Farigiraf;Farigiraf;키키링;奇麒麟;奇麒麟
982;Dudunsparce;ノココッチ;Deusolourdo;Dummimisel;노고고치;土龍節節;土龙节节
983;Kingambit;ドドゲザン;Scalpereur;Gladimperio;대도각참;仆斬將軍;仆斬將軍
984;Great Tusk;イダイナキバ;Fort-Ivoire;Riesenzahn;위대한엄니;雄偉牙;雄伟牙
985;Scream Tail;サケブシッポ;Hurle-Queue;Brüllschweif;우렁찬꼬리;吼叫尾;吼叫尾
986;Brute Bonnet;アラブルタケ;Fongus-Furie;Wutpilz;사나운버섯;猛惡菇;猛恶菇
987;Flutter Mane;ハバタクカミ;Flotte-Mèche;Flatterhaar;날개치는머리;振翼髮;振翼发
988;Slither Wing;チヲハウハネ;Rampe-Ailes;Kriechflügel;땅을기는날개;爬地翅;爬地翅
989;Sandy Shocks;スナノケガワ;Pelage-Sablé;Sandfell;모래털가죽;沙鐵皮;沙铁皮
990;Iron Treads;テツノワダチ;Roue-de-Fer;Eisenrad;무쇠바퀴;鐵轍跡;铁辙迹
991;Iron Bundle;テツノツツミ;Hotte-de-Fer;Eisenbündel;무쇠보따리;鐵包袱;铁包袱
992;Iron Hands;テツノカイナ;Paume-de-Fer;Eisenhand;무쇠손;鐵臂膀;铁臂膀
993;Iron Jugulis;テツノコウベ;Têtes-de-Fer;Eisenhals;무쇠머리;鐵脖頸;铁脖颈
994;Iron Moth;テツノドクガ;Mite-de-Fer;Eisenfalter;무쇠독나방;鐵毒蛾;铁毒蛾
995;Iron Thorns;テツノイバラ;Épine-de-Fer;Eisendorn;무쇠가시;鐵荊棘;铁荆棘
996;Frigibax;セビエ;Frigodo;Frospino;드니차;涼脊龍;凉脊龙
997;Arctibax;セゴール;Cryodo;Cryospino;드니꽁;凍脊龍;冻脊龙
998;Baxcalibur;セグレイブ;Glaivodo;Espinodon;드닐레이브;戟脊龍;戟脊龙
999;Gimmighoul;コレクレー;Mordudor;Gierspenst;모으령;索財靈;索财灵
1000;Gholdengo;サーフゴー;Gromago;Monetigo;타부자고;賽富豪;赛富豪
1001;Wo-Chien;チオンジェン;Chongjian;Chongjian;총지엔;古簡蝸;古简蜗
1002;Chien-Pao;パオジアン;Baojian;Baojian;파오젠;古劍豹;古剑豹
1003;Ting-Lu;ディンルー;Dinglu;Dinglu;딩루;古鼎鹿;古鼎鹿
1004;Chi-Yu;イーユイ;Yuyu;Yuyu;위유이;古玉魚;古玉鱼
1005;Roaring Moon;トドロクツキ;Rugit-Lune;Donnersichel;고동치는달;轟鳴月;轰鸣月
1006;Iron Valiant;テツノブジン;Garde-de-Fer;Eisenkrieger;무쇠무인;鐵武者;铁武者
1007;Koraidon;コライドン;Koraidon;Koraidon;코라이돈;故勒頓;故勒顿
1008;Miraidon;ミライドン;Miraidon;Miraidon;미라이돈;密勒頓;密勒顿
